ticker,type,date,price,qty,reason,pnl
AAPL,BUY,2023-03-22,155.7217254638672,12,SIGNAL,
MSFT,BUY,2023-03-22,266.59796142578125,7,SIGNAL,
NVDA,BUY,2023-03-22,26.44602394104004,75,SIGNAL,
META,BUY,2023-03-22,198.42393493652344,10,SIGNAL,
TSLA,BUY,2023-03-22,191.14999389648438,10,SIGNAL,
AVGO,BUY,2023-03-22,60.75722885131836,32,SIGNAL,
ABBV,BUY,2023-03-22,137.8795623779297,14,SIGNAL,
CRM,BUY,2023-03-22,184.27105712890625,10,SIGNAL,
AMD,BUY,2023-03-22,97.58000183105469,20,SIGNAL,
PEP,BUY,2023-03-22,160.9517822265625,12,SIGNAL,
CSCO,BUY,2023-03-22,45.42671585083008,44,SIGNAL,
XLK,BUY,2023-03-22,70.24362182617188,28,SIGNAL,
MCD,BUY,2023-03-23,252.99810791015625,7,SIGNAL,
GOOGL,BUY,2023-03-27,101.691650390625,19,SIGNAL,
AMD,SELL,2023-03-28,93.6768017578125,20,STOP_LOSS,-78.06400146484384
PG,BUY,2023-03-28,135.5733184814453,14,SIGNAL,
AMD,BUY,2023-03-28,94.55999755859375,21,SIGNAL,
KO,BUY,2023-03-28,56.5516242980957,35,SIGNAL,
TXN,BUY,2023-03-28,163.21597290039062,12,SIGNAL,
INTC,BUY,2023-03-29,30.76438331604004,65,SIGNAL,
INTU,BUY,2023-03-29,424.8659362792969,4,SIGNAL,
TSLA,SELL,2023-03-31,206.44199340820313,10,TAKE_PROFIT,152.91999511718768
TSLA,BUY,2023-03-31,207.4600067138672,9,SIGNAL,
TSLA,SELL,2023-04-03,199.1616064453125,9,STOP_LOSS,-74.68560241699242
TSLA,BUY,2023-04-03,194.77000427246094,10,SIGNAL,
META,SELL,2023-04-04,214.29784973144533,10,TAKE_PROFIT,158.73914794921893
META,BUY,2023-04-04,213.23052978515625,9,SIGNAL,
ADBE,BUY,2023-04-04,385.1499938964844,5,SIGNAL,
XLP,BUY,2023-04-04,69.46207427978516,29,SIGNAL,
TSLA,SELL,2023-04-05,186.9792041015625,10,STOP_LOSS,-77.90800170898456
AMZN,BUY,2023-04-05,101.0999984741211,19,SIGNAL,
LLY,BUY,2023-04-05,354.8819580078125,5,SIGNAL,
AMD,SELL,2023-04-06,90.77759765625,21,STOP_LOSS,-79.43039794921879
WMT,BUY,2023-04-06,48.659812927246094,41,SIGNAL,
AMD,BUY,2023-04-06,92.47000122070312,21,SIGNAL,
MRK,BUY,2023-04-10,103.48522186279297,19,SIGNAL,
AMGN,BUY,2023-04-10,229.9729461669922,8,SIGNAL,
XLU,BUY,2023-04-10,32.000057220458984,63,SIGNAL,
ADBE,SELL,2023-04-11,369.743994140625,5,STOP_LOSS,-77.02999877929688
TSLA,BUY,2023-04-11,186.7899932861328,10,SIGNAL,
UNH,BUY,2023-04-11,494.9422302246094,4,SIGNAL,
TMO,BUY,2023-04-11,571.6311645507812,3,SIGNAL,
ADBE,BUY,2023-04-11,371.1099853515625,5,SIGNAL,
V,BUY,2023-04-13,227.93531799316406,8,SIGNAL,
ACN,BUY,2023-04-13,274.66461181640625,7,SIGNAL,
XLV,BUY,2023-04-13,129.57913208007812,15,SIGNAL,
JNJ,BUY,2023-04-14,152.4713134765625,13,SIGNAL,
NKE,BUY,2023-04-14,119.7805404663086,16,SIGNAL,
AMD,SELL,2023-04-17,88.771201171875,21,STOP_LOSS,-77.67480102539048
BRK-B,BUY,2023-04-17,323.7900085449219,6,SIGNAL,
XOM,BUY,2023-04-17,104.2536392211914,19,SIGNAL,
MA,BUY,2023-04-17,366.88311767578125,5,SIGNAL,
CVX,BUY,2023-04-17,152.01283264160156,13,SIGNAL,
AMD,BUY,2023-04-17,89.87000274658203,22,SIGNAL,
NFLX,BUY,2023-04-17,33.27199935913086,60,SIGNAL,
VZ,BUY,2023-04-17,32.72472381591797,61,SIGNAL,
MCD,SELL,2023-04-18,273.23795654296873,7,TAKE_PROFIT,141.67894042968737
UNH,SELL,2023-04-18,475.144541015625,4,STOP_LOSS,-79.19075683593746
UNH,BUY,2023-04-18,479.27606201171875,4,SIGNAL,
COST,BUY,2023-04-18,477.74188232421875,4,SIGNAL,
MCD,BUY,2023-04-18,272.97564697265625,7,SIGNAL,
CMCSA,BUY,2023-04-18,32.71782684326172,61,SIGNAL,
XLY,BUY,2023-04-18,72.44392395019531,27,SIGNAL,
TSLA,SELL,2023-04-19,179.3183935546875,10,STOP_LOSS,-74.71599731445303
NFLX,SELL,2023-04-19,31.941119384765624,60,STOP_LOSS,-79.85279846191406
UNH,SELL,2023-04-19,460.10501953125,4,STOP_LOSS,-76.68416992187508
UNH,BUY,2023-04-19,461.9093322753906,4,SIGNAL,
XLE,BUY,2023-04-19,39.362884521484375,51,SIGNAL,
CSCO,SELL,2023-04-20,43.60964721679687,44,STOP_LOSS,-79.95101989746104
VZ,SELL,2023-04-20,31.41573486328125,61,STOP_LOSS,-79.84832611083971
PG,SELL,2023-04-21,146.41918395996095,14,TAKE_PROFIT,151.84211669921888
INTC,SELL,2023-04-21,29.533807983398436,65,STOP_LOSS,-79.98739662170419
PG,BUY,2023-04-21,145.47280883789062,13,SIGNAL,
INTC,BUY,2023-04-21,29.57362937927246,67,SIGNAL,
DHR,BUY,2023-04-21,221.01016235351562,9,SIGNAL,
PM,BUY,2023-04-21,86.31552124023438,23,SIGNAL,
XLB,BUY,2023-04-21,38.214447021484375,52,SIGNAL,
AMZN,SELL,2023-04-24,109.18799835205078,19,TAKE_PROFIT,153.67199768066394
AMZN,BUY,2023-04-24,106.20999908447266,18,SIGNAL,
UNP,BUY,2023-04-24,187.927490234375,10,SIGNAL,
SPGI,BUY,2023-04-24,340.04339599609375,5,SIGNAL,
ABBV,SELL,2023-04-25,148.90992736816406,14,TAKE_PROFIT,154.42510986328125
TXN,SELL,2023-04-25,156.687333984375,12,STOP_LOSS,-78.34366699218754
TMO,SELL,2023-04-25,548.76591796875,3,STOP_LOSS,-68.59573974609361
ACN,SELL,2023-04-25,263.67802734375,7,STOP_LOSS,-76.90609130859389
AMD,SELL,2023-04-25,86.27520263671875,22,STOP_LOSS,-79.08560241699229
INTC,SELL,2023-04-25,28.39068420410156,67,STOP_LOSS,-79.2573267364503
DHR,SELL,2023-04-25,212.169755859375,9,STOP_LOSS,-79.56365844726565
ABBV,BUY,2023-04-25,149.31674194335938,13,SIGNAL,
INTC,BUY,2023-04-25,28.187671661376953,70,SIGNAL,
HON,BUY,2023-04-25,174.06231689453125,11,SIGNAL,
MSFT,SELL,2023-04-26,287.92579833984377,7,TAKE_PROFIT,149.29485839843755
INTU,SELL,2023-04-26,407.871298828125,4,STOP_LOSS,-67.97854980468742
AMGN,SELL,2023-04-26,220.7740283203125,8,STOP_LOSS,-73.59134277343742
CMCSA,SELL,2023-04-26,31.40911376953125,61,STOP_LOSS,-79.83149749755876
UNP,SELL,2023-04-26,180.410390625,10,STOP_LOSS,-75.17099609375009
MSFT,BUY,2023-04-26,289.1954345703125,6,SIGNAL,
INTU,BUY,2023-04-26,406.37860107421875,4,SIGNAL,
AVGO,SELL,2023-04-27,58.32693969726562,32,STOP_LOSS,-77.76925292968758
META,SELL,2023-04-27,230.28897216796875,9,TAKE_PROFIT,153.52598144531248
LLY,SELL,2023-04-27,383.2725146484375,5,TAKE_PROFIT,141.9527832031249
XLE,SELL,2023-04-27,37.788369140625,51,STOP_LOSS,-80.30028442382809
ABBV,SELL,2023-04-27,143.344072265625,13,STOP_LOSS,-77.64470581054707
META,BUY,2023-04-27,236.90513610839844,8,SIGNAL,
LLY,BUY,2023-04-27,382.4210510253906,5,SIGNAL,
AVGO,BUY,2023-04-27,59.55252456665039,33,SIGNAL,
DIS,BUY,2023-04-27,97.630859375,20,SIGNAL,
CMCSA,BUY,2023-04-27,34.427669525146484,58,SIGNAL,
VZ,BUY,2023-04-27,32.16909408569336,62,SIGNAL,
AMGN,BUY,2023-04-27,220.29376220703125,9,SIGNAL,
PEP,SELL,2023-04-28,173.8279248046875,12,TAKE_PROFIT,154.51371093750004
CVX,SELL,2023-04-28,145.9323193359375,13,STOP_LOSS,-79.04667297363267
INTC,SELL,2023-04-28,30.44268539428711,70,TAKE_PROFIT,157.85096130371085
INTU,SELL,2023-04-28,438.8888891601563,4,TAKE_PROFIT,130.04115234375013
JPM,BUY,2023-04-28,129.7679901123047,15,SIGNAL,
HD,BUY,2023-04-28,280.4865417480469,7,SIGNAL,
CVX,BUY,2023-04-28,149.93170166015625,13,SIGNAL,
AMD,BUY,2023-04-28,89.37000274658203,22,SIGNAL,
PEP,BUY,2023-04-28,174.06427001953125,11,SIGNAL,
ACN,BUY,2023-04-28,269.8697204589844,7,SIGNAL,
INTC,BUY,2023-04-28,30.315410614013672,66,SIGNAL,
INTU,BUY,2023-04-28,436.0932312011719,4,SIGNAL,
XLE,BUY,2023-04-28,38.85624694824219,52,SIGNAL,
XLI,BUY,2023-04-28,95.8930435180664,21,SIGNAL,
XLRE,BUY,2023-04-28,34.276466369628906,58,SIGNAL,
NVDA,SELL,2023-05-01,28.561705856323243,75,TAKE_PROFIT,158.67614364624023
AMZN,SELL,2023-05-01,101.96159912109376,18,STOP_LOSS,-76.47119934082025
NVDA,BUY,2023-05-01,28.8859920501709,69,SIGNAL,
AMZN,BUY,2023-05-01,102.05000305175781,19,SIGNAL,
ABBV,BUY,2023-05-01,139.1842041015625,14,SIGNAL,
UNP,BUY,2023-05-01,186.37925720214844,10,SIGNAL,
XOM,SELL,2023-05-02,100.08349365234375,19,STOP_LOSS,-79.23276580810557
CVX,SELL,2023-05-02,143.93443359375,13,STOP_LOSS,-77.96448486328154
INTC,SELL,2023-05-02,29.102794189453125,66,STOP_LOSS,-80.03268402099616
XLE,SELL,2023-05-02,37.3019970703125,52,STOP_LOSS,-80.82099365234353
INTC,BUY,2023-05-02,29.056337356567383,68,SIGNAL,
AAPL,SELL,2023-05-03,168.17946350097657,12,TAKE_PROFIT,149.49285644531255
ADBE,SELL,2023-05-03,356.2655859375,5,STOP_LOSS,-74.22199707031245
LLY,SELL,2023-05-03,413.01473510742187,5,TAKE_PROFIT,152.96842041015634
AMGN,SELL,2023-05-03,211.48201171875,9,STOP_LOSS,-79.30575439453128
AMD,SELL,2023-05-03,85.79520263671876,22,STOP_LOSS,-78.645602416992
NVDA,SELL,2023-05-03,27.730552368164062,69,STOP_LOSS,-79.7253380584716
AAPL,BUY,2023-05-03,165.21322631835938,12,SIGNAL,
NVDA,BUY,2023-05-03,27.778915405273438,71,SIGNAL,
LLY,BUY,2023-05-03,422.43145751953125,4,SIGNAL,
PM,SELL,2023-05-04,82.862900390625,23,STOP_LOSS,-79.4102795410156
JPM,SELL,2023-05-04,124.5772705078125,15,STOP_LOSS,-77.86079406738281
HD,SELL,2023-05-04,269.267080078125,7,STOP_LOSS,-78.53623168945319
ACN,SELL,2023-05-04,259.074931640625,7,STOP_LOSS,-75.56352172851575
INTU,SELL,2023-05-04,418.649501953125,4,STOP_LOSS,-69.7749169921874
ABBV,SELL,2023-05-04,133.6168359375,14,STOP_LOSS,-77.94315429687481
INTU,BUY,2023-05-04,414.9737243652344,4,SIGNAL,
VZ,SELL,2023-05-05,30.882330322265624,62,STOP_LOSS,-79.77935333251958
JPM,BUY,2023-05-05,128.3599090576172,15,SIGNAL,
AMD,BUY,2023-05-05,89.83999633789062,22,SIGNAL,
NFLX,BUY,2023-05-08,33.12099838256836,60,SIGNAL,
CRM,SELL,2023-05-09,199.01274169921874,10,TAKE_PROFIT,147.41684570312486
CRM,BUY,2023-05-09,198.7649383544922,10,SIGNAL,
GOOGL,SELL,2023-05-10,109.826982421875,19,TAKE_PROFIT,154.57130859375002
AMZN,SELL,2023-05-10,110.21400329589844,19,TAKE_PROFIT,155.1160046386717
AMD,SELL,2023-05-10,97.02719604492188,22,TAKE_PROFIT,158.11839355468783
AMZN,BUY,2023-05-10,110.19000244140625,18,SIGNAL,
GOOGL,BUY,2023-05-10,110.91197967529297,18,SIGNAL,
AMD,BUY,2023-05-10,97.0199966430664,20,SIGNAL,
DIS,SELL,2023-05-11,93.725625,20,STOP_LOSS,-78.10468750000018
NKE,SELL,2023-05-12,114.98931884765625,16,STOP_LOSS,-76.6595458984375
XLB,SELL,2023-05-12,36.685869140625,52,STOP_LOSS,-79.48604980468735
ACN,BUY,2023-05-12,266.8849792480469,7,SIGNAL,
JNJ,SELL,2023-05-15,146.3724609375,13,STOP_LOSS,-79.28508300781255
JNJ,BUY,2023-05-15,146.68836975097656,13,SIGNAL,
XLU,SELL,2023-05-16,30.720054931640625,63,STOP_LOSS,-80.64014419555656
XLRE,SELL,2023-05-16,32.90540771484375,58,STOP_LOSS,-79.5214019775392
GOOGL,SELL,2023-05-16,119.78493804931641,18,TAKE_PROFIT,159.71325073242178
GOOGL,BUY,2023-05-16,118.6137924194336,16,SIGNAL,
XLV,SELL,2023-05-17,124.395966796875,15,STOP_LOSS,-77.74747924804683
NVDA,SELL,2023-05-17,30.001228637695313,71,TAKE_PROFIT,157.78423950195292
NVDA,BUY,2023-05-17,30.15294075012207,66,SIGNAL,
XLF,BUY,2023-05-17,31.123294830322266,64,SIGNAL,
XLV,BUY,2023-05-17,125.14710235595703,16,SIGNAL,
XLK,SELL,2023-05-18,75.86311157226562,28,TAKE_PROFIT,157.34571289062478
MSFT,SELL,2023-05-18,312.3310693359375,6,TAKE_PROFIT,138.81380859375008
AVGO,SELL,2023-05-18,64.31672653198243,33,TAKE_PROFIT,157.2186648559573
NFLX,SELL,2023-05-18,35.77067825317383,60,TAKE_PROFIT,158.98079223632794
AMD,SELL,2023-05-18,104.78159637451172,20,TAKE_PROFIT,155.23199462890625
MSFT,BUY,2023-05-18,312.543212890625,6,SIGNAL,
AVGO,BUY,2023-05-18,65.2813949584961,31,SIGNAL,
HD,BUY,2023-05-18,275.4654846191406,7,SIGNAL,
AMD,BUY,2023-05-18,107.93000030517578,18,SIGNAL,
NFLX,BUY,2023-05-18,37.12900161743164,54,SIGNAL,
ADBE,BUY,2023-05-18,360.42999267578125,5,SIGNAL,
XLK,BUY,2023-05-18,77.25572204589844,26,SIGNAL,
PG,SELL,2023-05-22,139.653896484375,13,STOP_LOSS,-75.6458605957032
AMD,SELL,2023-05-22,103.61280029296876,18,STOP_LOSS,-77.70960021972633
PG,BUY,2023-05-22,139.03201293945312,14,SIGNAL,
AMD,BUY,2023-05-22,108.0,18,SIGNAL,
INTU,SELL,2023-05-23,448.17162231445315,4,TAKE_PROFIT,132.79159179687508
NFLX,SELL,2023-05-23,35.64384155273437,54,STOP_LOSS,-80.19864349365253
NFLX,BUY,2023-05-23,35.5989990234375,56,SIGNAL,
INTU,BUY,2023-05-23,441.8396911621094,4,SIGNAL,
V,SELL,2023-05-24,218.8179052734375,8,STOP_LOSS,-72.93930175781247
INTU,SELL,2023-05-24,424.166103515625,4,STOP_LOSS,-70.6943505859374
PEP,SELL,2023-05-25,167.10169921875,11,STOP_LOSS,-76.58827880859371
INTC,SELL,2023-05-25,27.894083862304687,68,STOP_LOSS,-79.03323760986336
NVDA,SELL,2023-05-25,32.565176010131836,66,TAKE_PROFIT,159.20752716064453
AVGO,SELL,2023-05-25,70.50390655517577,31,TAKE_PROFIT,161.89785949706993
ADBE,SELL,2023-05-25,389.26439208984374,5,TAKE_PROFIT,144.1719970703125
AMD,SELL,2023-05-25,116.64,18,TAKE_PROFIT,155.51999999999998
NVDA,BUY,2023-05-25,37.94845962524414,53,SIGNAL,
AVGO,BUY,2023-05-25,70.18302917480469,28,SIGNAL,
AMD,BUY,2023-05-25,120.3499984741211,16,SIGNAL,
PEP,BUY,2023-05-25,167.59922790527344,12,SIGNAL,
ADBE,BUY,2023-05-25,392.05999755859375,5,SIGNAL,
META,SELL,2023-05-26,255.8575469970703,8,TAKE_PROFIT,151.6192871093749
AMZN,SELL,2023-05-26,119.00520263671875,18,TAKE_PROFIT,158.67360351562502
ACN,SELL,2023-05-26,288.23577758789065,7,TAKE_PROFIT,149.45558837890644
AVGO,SELL,2023-05-26,75.79767150878907,28,TAKE_PROFIT,157.2099853515624
AMZN,BUY,2023-05-26,120.11000061035156,16,SIGNAL,
META,BUY,2023-05-26,260.2222900390625,7,SIGNAL,
AVGO,BUY,2023-05-26,78.26542663574219,25,SIGNAL,
V,BUY,2023-05-26,220.84197998046875,9,SIGNAL,
ACN,BUY,2023-05-26,292.31317138671875,6,SIGNAL,
INTC,BUY,2023-05-26,28.420703887939453,71,SIGNAL,
CRM,SELL,2023-05-30,214.66613342285157,10,TAKE_PROFIT,159.01195068359402
PG,SELL,2023-05-30,133.470732421875,14,STOP_LOSS,-77.85792724609382
NFLX,SELL,2023-05-30,38.4469189453125,56,TAKE_PROFIT,159.48351562499965
NVDA,SELL,2023-05-30,40.984336395263675,53,TAKE_PROFIT,160.9014688110351
AMD,SELL,2023-05-30,129.97799835205078,16,TAKE_PROFIT,154.0479980468749
ADBE,SELL,2023-05-30,423.42479736328124,5,TAKE_PROFIT,156.8239990234374
AVGO,SELL,2023-05-30,84.52666076660157,25,TAKE_PROFIT,156.53085327148438
NVDA,BUY,2023-05-30,40.07769775390625,50,SIGNAL,
AVGO,BUY,2023-05-30,77.3611831665039,26,SIGNAL,
PG,BUY,2023-05-30,133.45802307128906,15,SIGNAL,
CRM,BUY,2023-05-30,216.2425994873047,9,SIGNAL,
AMD,BUY,2023-05-30,125.2699966430664,16,SIGNAL,
NFLX,BUY,2023-05-30,39.29800033569336,51,SIGNAL,
ADBE,BUY,2023-05-30,417.2099914550781,4,SIGNAL,
INTC,SELL,2023-05-31,30.69436019897461,71,TAKE_PROFIT,161.42959808349633
NVDA,SELL,2023-05-31,38.47458984375,50,STOP_LOSS,-80.15539550781227
AMD,SELL,2023-05-31,120.25919677734375,16,STOP_LOSS,-80.17279785156256
NVDA,BUY,2023-05-31,37.80258560180664,53,SIGNAL,
AMD,BUY,2023-05-31,118.20999908447266,17,SIGNAL,
INTC,BUY,2023-05-31,30.811962127685547,65,SIGNAL,
HD,SELL,2023-06-01,264.446865234375,7,STOP_LOSS,-77.13033569335926
CRM,SELL,2023-06-01,207.5928955078125,9,STOP_LOSS,-77.84733581542969
TSLA,BUY,2023-06-01,207.52000427246094,9,SIGNAL,
CRM,BUY,2023-06-01,210.34425354003906,9,SIGNAL,
INTU,BUY,2023-06-01,414.6495666503906,4,SIGNAL,
SPGI,SELL,2023-06-02,367.24686767578123,5,TAKE_PROFIT,136.0173583984374
CMCSA,SELL,2023-06-02,33.05056274414063,58,STOP_LOSS,-79.87219329833965
AAPL,SELL,2023-06-02,178.4302844238281,12,TAKE_PROFIT,158.60469726562496
AAPL,BUY,2023-06-02,178.7798309326172,11,SIGNAL,
HD,BUY,2023-06-02,278.18182373046875,7,SIGNAL,
CSCO,BUY,2023-06-02,46.2861328125,44,SIGNAL,
CMCSA,BUY,2023-06-02,33.504356384277344,61,SIGNAL,
SPGI,BUY,2023-06-02,368.7235107421875,5,SIGNAL,
INTC,SELL,2023-06-05,29.579483642578126,65,STOP_LOSS,-80.11110153198229
INTC,BUY,2023-06-05,29.263525009155273,70,SIGNAL,
INTU,SELL,2023-06-06,447.8215319824219,4,TAKE_PROFIT,132.6878613281251
INTU,BUY,2023-06-06,440.5528869628906,4,SIGNAL,
MRK,SELL,2023-06-07,99.34581298828125,19,STOP_LOSS,-78.6487686157227
XLY,SELL,2023-06-07,78.23943786621093,27,TAKE_PROFIT,156.47887573242178
TSLA,SELL,2023-06-07,224.12160461425782,9,TAKE_PROFIT,149.414403076172
INTU,SELL,2023-06-07,422.930771484375,4,STOP_LOSS,-70.48846191406255
TSLA,BUY,2023-06-07,224.57000732421875,9,SIGNAL,
MRK,BUY,2023-06-07,99.80934143066406,20,SIGNAL,
XLY,BUY,2023-06-07,77.25949096679688,26,SIGNAL,
XLU,BUY,2023-06-07,30.539451599121094,67,SIGNAL,
NFLX,SELL,2023-06-09,42.44184036254883,51,TAKE_PROFIT,160.33584136962918
ADBE,SELL,2023-06-09,450.5867907714844,4,TAKE_PROFIT,133.5071972656251
TSLA,SELL,2023-06-09,242.53560791015624,9,TAKE_PROFIT,161.6904052734376
TSLA,BUY,2023-06-09,244.39999389648438,8,SIGNAL,
NFLX,BUY,2023-06-09,42.00199890136719,49,SIGNAL,
ADBE,BUY,2023-06-09,454.0,4,SIGNAL,
INTU,BUY,2023-06-09,423.91265869140625,4,SIGNAL,
TXN,BUY,2023-06-09,158.07862854003906,13,SIGNAL,
AMD,SELL,2023-06-12,127.66679901123047,17,TAKE_PROFIT,160.76559875488283
INTC,SELL,2023-06-12,31.604607009887694,70,TAKE_PROFIT,163.87574005126953
AMD,BUY,2023-06-12,129.19000244140625,16,SIGNAL,
INTC,BUY,2023-06-12,32.40940475463867,64,SIGNAL,
CAT,BUY,2023-06-12,227.8118133544922,9,SIGNAL,
XLK,SELL,2023-06-13,83.43617980957032,26,TAKE_PROFIT,160.69190185546904
NVDA,SELL,2023-06-13,40.82679244995117,53,TAKE_PROFIT,160.28296295166
ADBE,SELL,2023-06-13,490.32,4,TAKE_PROFIT,145.27999999999997
AMD,SELL,2023-06-13,124.02240234375,16,STOP_LOSS,-82.68160156249996
NVDA,BUY,2023-06-13,40.992183685302734,51,SIGNAL,
BAC,BUY,2023-06-13,27.569787979125977,76,SIGNAL,
AMD,BUY,2023-06-13,124.52999877929688,16,SIGNAL,
ADBE,BUY,2023-06-13,478.989990234375,4,SIGNAL,
XLK,BUY,2023-06-13,83.67939758300781,25,SIGNAL,
UNH,SELL,2023-06-14,443.432958984375,4,STOP_LOSS,-73.90549316406259
AVGO,SELL,2023-06-14,83.55007781982422,26,TAKE_PROFIT,160.91126098632822
AVGO,BUY,2023-06-14,85.338623046875,24,SIGNAL,
COP,BUY,2023-06-14,94.58708953857422,22,SIGNAL,
MSFT,SELL,2023-06-15,337.546669921875,6,TAKE_PROFIT,150.02074218749976
META,SELL,2023-06-15,281.0400732421875,7,TAKE_PROFIT,145.72448242187488
INTC,SELL,2023-06-15,35.00215713500977,64,TAKE_PROFIT,165.9361523437501
MSFT,BUY,2023-06-15,341.5682678222656,6,SIGNAL,
META,BUY,2023-06-15,279.8749694824219,7,SIGNAL,
INTC,BUY,2023-06-15,35.10446548461914,60,SIGNAL,
ACN,SELL,2023-06-16,315.69822509765623,6,TAKE_PROFIT,140.31032226562502
ADBE,SELL,2023-06-16,517.309189453125,4,TAKE_PROFIT,153.27679687499995
ADBE,BUY,2023-06-16,495.17999267578125,4,SIGNAL,
ACN,BUY,2023-06-16,307.6606140136719,6,SIGNAL,
TSLA,SELL,2023-06-20,263.9519934082031,8,TAKE_PROFIT,156.41599609374998
AMD,SELL,2023-06-20,119.548798828125,16,STOP_LOSS,-79.69919921874998
TSLA,BUY,2023-06-20,274.45001220703125,7,SIGNAL,
AMD,BUY,2023-06-20,118.93000030517578,17,SIGNAL,
PFE,BUY,2023-06-20,33.18067932128906,63,SIGNAL,
AVGO,SELL,2023-06-21,81.925078125,24,STOP_LOSS,-81.92507812500003
MSFT,SELL,2023-06-21,327.905537109375,6,STOP_LOSS,-81.97638427734364
INTC,SELL,2023-06-21,33.700286865234375,60,STOP_LOSS,-84.25071716308594
ADBE,SELL,2023-06-21,475.37279296875,4,STOP_LOSS,-79.22879882812504
TSLA,SELL,2023-06-21,263.47201171875,7,STOP_LOSS,-76.84600341796863
AMD,SELL,2023-06-21,114.17280029296874,17,STOP_LOSS,-80.8724002075196
MSFT,BUY,2023-06-21,327.301025390625,6,SIGNAL,
TSLA,BUY,2023-06-21,259.4599914550781,8,SIGNAL,
AVGO,BUY,2023-06-21,82.06404876708984,25,SIGNAL,
AMD,BUY,2023-06-21,112.11000061035156,18,SIGNAL,
ADBE,BUY,2023-06-21,477.4800109863281,4,SIGNAL,
INTC,BUY,2023-06-21,32.2427978515625,65,SIGNAL,
AMZN,SELL,2023-06-22,129.7188006591797,16,TAKE_PROFIT,153.74080078125007
BAC,SELL,2023-06-22,26.46699645996094,76,STOP_LOSS,-83.81215545654277
ACN,SELL,2023-06-22,295.354189453125,6,STOP_LOSS,-73.83854736328112
TSLA,SELL,2023-06-22,249.081591796875,8,STOP_LOSS,-83.02719726562509
AMZN,BUY,2023-06-22,130.14999389648438,16,SIGNAL,
TSLA,BUY,2023-06-22,264.6099853515625,7,SIGNAL,
ACN,BUY,2023-06-22,295.8274841308594,7,SIGNAL,
AMD,SELL,2023-06-23,107.6256005859375,18,STOP_LOSS,-80.71920043945306
TSLA,SELL,2023-06-23,254.0255859375,7,STOP_LOSS,-74.09079589843736
TSLA,BUY,2023-06-23,256.6000061035156,8,SIGNAL,
AMD,BUY,2023-06-23,110.01000213623047,19,SIGNAL,
LLY,SELL,2023-06-26,456.22597412109377,4,TAKE_PROFIT,135.17806640625008
PFE,SELL,2023-06-26,31.8534521484375,63,STOP_LOSS,-83.61531188964841
TSLA,SELL,2023-06-26,246.336005859375,8,STOP_LOSS,-82.11200195312495
TSLA,BUY,2023-06-26,241.0500030517578,8,SIGNAL,
LLY,BUY,2023-06-26,444.717041015625,4,SIGNAL,
XLB,BUY,2023-06-26,38.306697845458984,54,SIGNAL,
XLRE,BUY,2023-06-26,33.606868743896484,61,SIGNAL,
TSLA,SELL,2023-06-29,260.3340032958984,8,TAKE_PROFIT,154.2720019531248
TSLA,BUY,2023-06-29,257.5,8,SIGNAL,
BAC,BUY,2023-06-29,26.875856399536133,78,SIGNAL,
DHR,BUY,2023-06-29,208.10128784179688,10,SIGNAL,
COST,SELL,2023-06-30,515.9612329101562,4,TAKE_PROFIT,152.87740234374996
XLI,SELL,2023-06-30,103.56448699951171,21,TAKE_PROFIT,161.10031311035164
XLY,SELL,2023-06-30,83.44025024414063,26,TAKE_PROFIT,160.69974121093765
COST,BUY,2023-06-30,518.7022094726562,4,SIGNAL,
XLY,BUY,2023-06-30,83.18563842773438,25,SIGNAL,
XLI,BUY,2023-06-30,103.32395935058594,20,SIGNAL,
TSLA,SELL,2023-07-03,278.1,8,TAKE_PROFIT,164.80000000000018
TSLA,BUY,2023-07-03,279.82000732421875,7,SIGNAL,
PM,BUY,2023-07-03,88.1036376953125,24,SIGNAL,
XLE,BUY,2023-07-05,37.25537872314453,57,SIGNAL,
INTC,SELL,2023-07-06,30.9530859375,65,STOP_LOSS,-83.83127441406259
INTC,BUY,2023-07-06,31.331377029418945,67,SIGNAL,
CMCSA,SELL,2023-07-10,36.18470489501953,61,TAKE_PROFIT,163.50125915527315
INTU,SELL,2023-07-10,457.82567138671874,4,TAKE_PROFIT,135.65205078124995
TSLA,SELL,2023-07-10,268.62720703125,7,STOP_LOSS,-78.34960205078119
TSLA,BUY,2023-07-10,269.6099853515625,7,SIGNAL,
CMCSA,BUY,2023-07-10,36.02991485595703,58,SIGNAL,
INTU,BUY,2023-07-10,456.90185546875,4,SIGNAL,
JPM,SELL,2023-07-11,138.62870178222656,15,TAKE_PROFIT,154.03189086914062
JPM,BUY,2023-07-11,139.33575439453125,15,SIGNAL,
MA,SELL,2023-07-12,396.23376708984375,5,TAKE_PROFIT,146.75324707031245
HON,SELL,2023-07-12,187.98730224609375,11,TAKE_PROFIT,153.17483886718765
V,SELL,2023-07-12,238.50933837890625,9,TAKE_PROFIT,159.0062255859375
HD,SELL,2023-07-12,300.4363696289063,7,TAKE_PROFIT,155.78182128906246
SPGI,SELL,2023-07-12,398.2213916015625,5,TAKE_PROFIT,147.48940429687514
CAT,SELL,2023-07-12,246.03675842285156,9,TAKE_PROFIT,164.02450561523438
META,SELL,2023-07-12,302.2649670410156,7,TAKE_PROFIT,156.7299829101562
META,BUY,2023-07-12,307.19415283203125,7,SIGNAL,
V,BUY,2023-07-12,237.723388671875,9,SIGNAL,
MA,BUY,2023-07-12,394.9430236816406,5,SIGNAL,
HD,BUY,2023-07-12,298.46685791015625,7,SIGNAL,
SPGI,BUY,2023-07-12,398.6603088378906,5,SIGNAL,
CAT,BUY,2023-07-12,242.84603881835938,8,SIGNAL,
HON,BUY,2023-07-12,186.19061279296875,11,SIGNAL,
CRM,SELL,2023-07-13,227.17179382324218,9,TAKE_PROFIT,151.4478625488282
NVDA,SELL,2023-07-13,44.271558380126955,51,TAKE_PROFIT,167.24810943603507
COP,SELL,2023-07-13,102.15405670166015,22,TAKE_PROFIT,166.4732775878906
ADBE,SELL,2023-07-13,515.6784118652344,4,TAKE_PROFIT,152.7936035156249
LLY,SELL,2023-07-13,426.928359375,4,STOP_LOSS,-71.15472656249995
NVDA,BUY,2023-07-13,45.943580627441406,47,SIGNAL,
LLY,BUY,2023-07-13,426.97784423828125,5,SIGNAL,
CRM,BUY,2023-07-13,227.6045379638672,9,SIGNAL,
ADBE,BUY,2023-07-13,517.280029296875,4,SIGNAL,
AMGN,BUY,2023-07-13,210.64024353027344,10,SIGNAL,
COP,BUY,2023-07-13,102.45866394042969,21,SIGNAL,
NFLX,SELL,2023-07-14,45.36215881347656,49,TAKE_PROFIT,164.6478356933594
AMD,SELL,2023-07-14,118.81080230712891,19,TAKE_PROFIT,167.21520324707035
AMD,BUY,2023-07-14,115.94000244140625,18,SIGNAL,
NFLX,BUY,2023-07-14,44.191001892089844,49,SIGNAL,
TXN,SELL,2023-07-17,170.72491882324218,13,TAKE_PROFIT,164.4017736816404
INTC,SELL,2023-07-17,33.83788719177246,67,TAKE_PROFIT,167.93618087768527
TSLA,SELL,2023-07-17,291.1787841796875,7,TAKE_PROFIT,150.98159179687514
TSLA,BUY,2023-07-17,290.3800048828125,7,SIGNAL,
INTC,BUY,2023-07-17,33.683433532714844,64,SIGNAL,
TXN,BUY,2023-07-17,169.9490966796875,12,SIGNAL,
XLF,SELL,2023-07-18,33.61315841674805,64,TAKE_PROFIT,159.35126953125018
MSFT,SELL,2023-07-18,353.485107421875,6,TAKE_PROFIT,157.1044921875
NFLX,SELL,2023-07-18,47.72628204345703,49,TAKE_PROFIT,173.22872741699211
MSFT,BUY,2023-07-18,352.74444580078125,6,SIGNAL,
NFLX,BUY,2023-07-18,47.47999954223633,46,SIGNAL,
XLF,BUY,2023-07-18,33.63893127441406,65,SIGNAL,
UNP,SELL,2023-07-19,201.2895977783203,10,TAKE_PROFIT,149.1034057617187
AAPL,SELL,2023-07-19,193.08221740722655,11,TAKE_PROFIT,157.32625122070294
BAC,SELL,2023-07-19,29.025924911499025,78,TAKE_PROFIT,167.70534393310572
INTU,SELL,2023-07-19,493.45400390625,4,TAKE_PROFIT,146.2085937500001
AAPL,BUY,2023-07-19,192.76011657714844,11,SIGNAL,
BAC,BUY,2023-07-19,29.56719207763672,74,SIGNAL,
INTU,BUY,2023-07-19,492.55230712890625,4,SIGNAL,
UNP,BUY,2023-07-19,202.39845275878906,10,SIGNAL,
AMD,SELL,2023-07-20,111.30240234375,18,STOP_LOSS,-83.47680175781238
TSLA,SELL,2023-07-20,278.7648046875,7,STOP_LOSS,-81.30640136718762
NFLX,SELL,2023-07-20,45.58079956054687,46,STOP_LOSS,-87.36319915771492
TSLA,BUY,2023-07-20,262.8999938964844,8,SIGNAL,
AMD,BUY,2023-07-20,110.25,19,SIGNAL,
NFLX,BUY,2023-07-20,43.742000579833984,50,SIGNAL,
PG,SELL,2023-07-21,144.1346649169922,15,TAKE_PROFIT,160.14962768554688
DHR,SELL,2023-07-21,224.74939086914063,10,TAKE_PROFIT,166.48103027343768
META,SELL,2023-07-21,294.90638671875,7,STOP_LOSS,-86.01436279296877
NVDA,SELL,2023-07-21,44.10583740234375,47,STOP_LOSS,-86.37393157958968
MSFT,SELL,2023-07-21,338.63466796875,6,STOP_LOSS,-84.65866699218736
MSFT,BUY,2023-07-21,337.3194274902344,6,SIGNAL,
NVDA,BUY,2023-07-21,44.27678298950195,49,SIGNAL,
META,BUY,2023-07-21,292.21875,7,SIGNAL,
PG,BUY,2023-07-21,143.44415283203125,15,SIGNAL,
CVX,BUY,2023-07-21,142.51776123046875,15,SIGNAL,
TMO,BUY,2023-07-21,557.92919921875,3,SIGNAL,
BRK-B,SELL,2023-07-24,349.6932092285156,6,TAKE_PROFIT,155.41920410156263
JNJ,SELL,2023-07-24,158.42343933105468,13,TAKE_PROFIT,152.55590454101548
NFLX,SELL,2023-07-24,41.99232055664063,50,STOP_LOSS,-87.48400115966797
BRK-B,BUY,2023-07-24,349.6300048828125,6,SIGNAL,
UNH,BUY,2023-07-24,485.2500305175781,4,SIGNAL,
JNJ,BUY,2023-07-24,158.4756622314453,13,SIGNAL,
CSCO,SELL,2023-07-25,49.9890234375,44,TAKE_PROFIT,162.92718749999995
AVGO,SELL,2023-07-25,88.62917266845703,25,TAKE_PROFIT,164.1280975341797
AVGO,BUY,2023-07-25,88.87287139892578,24,SIGNAL,
NFLX,BUY,2023-07-25,42.77000045776367,51,SIGNAL,
GOOGL,SELL,2023-07-26,128.1028958129883,16,TAKE_PROFIT,151.8256542968752
V,SELL,2023-07-26,228.214453125,9,STOP_LOSS,-85.58041992187509
TXN,SELL,2023-07-26,163.1511328125,12,STOP_LOSS,-81.57556640624989
UNP,SELL,2023-07-26,218.5903289794922,10,TAKE_PROFIT,161.91876220703125
GOOGL,BUY,2023-07-26,128.3006134033203,17,SIGNAL,
V,BUY,2023-07-26,232.7080535888672,9,SIGNAL,
CSCO,BUY,2023-07-26,49.620704650878906,44,SIGNAL,
TXN,BUY,2023-07-26,163.09185791015625,13,SIGNAL,
CMCSA,SELL,2023-07-27,38.912308044433594,58,TAKE_PROFIT,167.17880493164057
HON,SELL,2023-07-27,178.74298828125,11,STOP_LOSS,-81.92386962890623
MSFT,SELL,2023-07-27,323.826650390625,6,STOP_LOSS,-80.9566625976563
META,SELL,2023-07-27,315.59625,7,TAKE_PROFIT,163.64249999999993
MSFT,BUY,2023-07-27,324.5143737792969,6,SIGNAL,
META,BUY,2023-07-27,309.54766845703125,7,SIGNAL,
ABBV,BUY,2023-07-27,136.27769470214844,16,SIGNAL,
CMCSA,BUY,2023-07-27,39.043174743652344,56,SIGNAL,
XLE,SELL,2023-07-31,40.23580902099609,57,TAKE_PROFIT,169.88452697753883
JPM,SELL,2023-07-31,150.48261474609376,15,TAKE_PROFIT,167.20290527343786
SPGI,SELL,2023-07-31,382.713896484375,5,STOP_LOSS,-79.73206176757799
INTC,SELL,2023-07-31,36.378108215332034,64,TAKE_PROFIT,172.45917968750018
JPM,BUY,2023-07-31,149.29779052734375,14,SIGNAL,
INTC,BUY,2023-07-31,35.05546951293945,63,SIGNAL,
DHR,BUY,2023-07-31,223.23390197753906,9,SIGNAL,
UNP,BUY,2023-07-31,219.18551635742188,10,SIGNAL,
CAT,SELL,2023-08-01,262.27372192382813,8,TAKE_PROFIT,155.42146484375007
SPGI,BUY,2023-08-01,390.5706481933594,5,SIGNAL,
CRM,SELL,2023-08-02,218.5003564453125,9,STOP_LOSS,-81.93763366699227
TSLA,SELL,2023-08-02,252.383994140625,8,STOP_LOSS,-84.12799804687506
AMD,SELL,2023-08-02,119.07,19,TAKE_PROFIT,167.57999999999993
INTC,SELL,2023-08-02,33.653250732421874,63,STOP_LOSS,-88.33978317260744
TSLA,BUY,2023-08-02,254.11000061035156,8,SIGNAL,
CRM,BUY,2023-08-02,217.85301208496094,10,SIGNAL,
AMD,BUY,2023-08-02,109.3499984741211,20,SIGNAL,
INTC,BUY,2023-08-02,33.70303726196289,65,SIGNAL,
AVGO,SELL,2023-08-03,85.31795654296874,24,STOP_LOSS,-85.31795654296889
AVGO,BUY,2023-08-03,85.6771011352539,25,SIGNAL,
AMZN,SELL,2023-08-04,140.56199340820314,16,TAKE_PROFIT,166.59199218750018
AMGN,SELL,2023-08-04,227.4914630126953,10,TAKE_PROFIT,168.51219482421857
AAPL,SELL,2023-08-04,185.0497119140625,11,STOP_LOSS,-84.81445129394524
TXN,SELL,2023-08-04,156.56818359375,13,STOP_LOSS,-84.8077661132811
SPGI,SELL,2023-08-04,374.947822265625,5,STOP_LOSS,-78.11412963867178
AMD,SELL,2023-08-04,118.09799835205078,20,TAKE_PROFIT,174.95999755859384
AAPL,BUY,2023-08-04,179.807373046875,12,SIGNAL,
AMZN,BUY,2023-08-04,139.57000732421875,15,SIGNAL,
AMD,BUY,2023-08-04,115.81999969482422,18,SIGNAL,
AMGN,BUY,2023-08-04,225.0924835205078,9,SIGNAL,
SPGI,BUY,2023-08-04,379.3235168457031,5,SIGNAL,
CAT,BUY,2023-08-04,266.0284423828125,8,SIGNAL,
TSLA,SELL,2023-08-07,243.9456005859375,8,STOP_LOSS,-81.3152001953124
TSLA,BUY,2023-08-07,251.4499969482422,8,SIGNAL,
LLY,SELL,2023-08-08,461.1360717773438,5,TAKE_PROFIT,170.7911376953125
CRM,SELL,2023-08-08,209.1388916015625,10,STOP_LOSS,-87.14120483398438
AMGN,SELL,2023-08-08,243.09988220214845,9,TAKE_PROFIT,162.06658813476588
LLY,BUY,2023-08-08,512.3341674804688,4,SIGNAL,
CRM,BUY,2023-08-08,209.0401153564453,10,SIGNAL,
NKE,BUY,2023-08-08,104.66040802001953,21,SIGNAL,
NVDA,SELL,2023-08-09,42.50571166992187,49,STOP_LOSS,-86.78249465942417
AVGO,SELL,2023-08-09,82.25001708984375,25,STOP_LOSS,-85.6771011352539
AMD,SELL,2023-08-09,111.18719970703125,18,STOP_LOSS,-83.39039978027336
NVDA,BUY,2023-08-09,42.52306365966797,51,SIGNAL,
AVGO,BUY,2023-08-09,82.36126708984375,26,SIGNAL,
AMD,BUY,2023-08-09,110.47000122070312,19,SIGNAL,
WMT,SELL,2023-08-10,52.55259796142578,41,TAKE_PROFIT,159.60418640136731
XOM,BUY,2023-08-10,100.95930480957031,21,SIGNAL,
TSLA,SELL,2023-08-11,241.3919970703125,8,STOP_LOSS,-80.46399902343751
NVDA,SELL,2023-08-11,40.82214111328125,51,STOP_LOSS,-86.7470498657226
NVDA,BUY,2023-08-11,40.82530212402344,53,SIGNAL,
WMT,BUY,2023-08-11,52.398868560791016,41,SIGNAL,
TMO,SELL,2023-08-14,535.61203125,3,STOP_LOSS,-66.95150390625008
META,SELL,2023-08-14,297.16576171875,7,STOP_LOSS,-86.67334716796904
AMD,SELL,2023-08-14,106.051201171875,19,STOP_LOSS,-83.95720092773445
META,BUY,2023-08-14,304.0660095214844,7,SIGNAL,
AMD,BUY,2023-08-14,111.9800033569336,19,SIGNAL,
TMO,BUY,2023-08-14,536.244873046875,4,SIGNAL,
XLU,SELL,2023-08-15,29.31787353515625,67,STOP_LOSS,-81.84573028564455
PM,SELL,2023-08-15,84.5794921875,24,STOP_LOSS,-84.57949218750014
BAC,SELL,2023-08-15,28.38450439453125,74,STOP_LOSS,-87.51888854980461
JPM,SELL,2023-08-15,143.32587890625,14,STOP_LOSS,-83.60676269531223
NVDA,SELL,2023-08-15,44.091326293945315,53,TAKE_PROFIT,173.09928100585967
NVDA,BUY,2023-08-15,43.908050537109375,49,SIGNAL,
JPM,BUY,2023-08-15,142.55877685546875,15,SIGNAL,
BAC,BUY,2023-08-15,28.076171875,77,SIGNAL,
AMGN,BUY,2023-08-15,246.12326049804688,8,SIGNAL,
PM,BUY,2023-08-15,84.65929412841797,25,SIGNAL,
AMD,SELL,2023-08-16,107.50080322265624,19,STOP_LOSS,-85.10480255126959
XLE,BUY,2023-08-16,40.01349639892578,54,SIGNAL,
XLY,SELL,2023-08-17,79.858212890625,25,STOP_LOSS,-83.18563842773438
NFLX,SELL,2023-08-17,41.05920043945312,51,STOP_LOSS,-87.25080093383804
MSFT,SELL,2023-08-17,311.533798828125,6,STOP_LOSS,-77.88344970703133
INTC,SELL,2023-08-17,32.35491577148437,65,STOP_LOSS,-87.62789688110388
AAPL,SELL,2023-08-17,172.615078125,12,STOP_LOSS,-86.30753906249993
AMZN,SELL,2023-08-17,133.98720703125,15,STOP_LOSS,-83.74200439453125
NKE,SELL,2023-08-17,100.47399169921874,21,STOP_LOSS,-87.9147427368166
META,SELL,2023-08-17,291.903369140625,7,STOP_LOSS,-85.13848266601576
AAPL,BUY,2023-08-17,172.1453399658203,12,SIGNAL,
MSFT,BUY,2023-08-17,311.59234619140625,6,SIGNAL,
AMZN,BUY,2023-08-17,133.97999572753906,16,SIGNAL,
META,BUY,2023-08-17,283.11236572265625,7,SIGNAL,
NFLX,BUY,2023-08-17,40.29999923706055,53,SIGNAL,
INTC,BUY,2023-08-17,32.0440673828125,67,SIGNAL,
XLY,BUY,2023-08-17,79.8642807006836,26,SIGNAL,
XLK,SELL,2023-08-18,80.3322216796875,25,STOP_LOSS,-83.67939758300759
INTU,SELL,2023-08-18,472.85021484375,4,STOP_LOSS,-78.80836914062502
CRM,SELL,2023-08-18,200.6785107421875,10,STOP_LOSS,-83.61604614257794
AVGO,SELL,2023-08-18,79.06681640625,26,STOP_LOSS,-85.65571777343757
NVDA,SELL,2023-08-18,42.151728515625,49,STOP_LOSS,-86.05977905273403
NVDA,BUY,2023-08-18,43.26752471923828,49,SIGNAL,
AVGO,BUY,2023-08-18,79.95159912109375,26,SIGNAL,
CRM,BUY,2023-08-18,202.37112426757812,10,SIGNAL,
INTU,BUY,2023-08-18,478.18585205078125,4,SIGNAL,
XLK,BUY,2023-08-18,81.0586929321289,26,SIGNAL,
COP,SELL,2023-08-21,110.65535705566407,21,TAKE_PROFIT,172.13055541992208
NVDA,SELL,2023-08-21,46.72892669677734,49,TAKE_PROFIT,169.6086968994141
NVDA,BUY,2023-08-21,46.93285369873047,46,SIGNAL,
COP,BUY,2023-08-21,109.10398864746094,19,SIGNAL,
XLF,SELL,2023-08-22,32.2933740234375,65,STOP_LOSS,-87.46122131347647
UNP,SELL,2023-08-22,210.418095703125,10,STOP_LOSS,-87.67420654296893
BAC,SELL,2023-08-22,26.953125,77,STOP_LOSS,-86.474609375
UNP,BUY,2023-08-22,210.1071014404297,10,SIGNAL,
XLF,BUY,2023-08-22,32.34031677246094,66,SIGNAL,
UNH,SELL,2023-08-23,465.840029296875,4,STOP_LOSS,-77.64000488281249
JNJ,SELL,2023-08-23,152.1366357421875,13,STOP_LOSS,-82.40734436035154
NFLX,SELL,2023-08-23,43.52399917602539,53,TAKE_PROFIT,170.87199676513683
UNH,BUY,2023-08-23,466.8962707519531,4,SIGNAL,
JNJ,BUY,2023-08-23,152.40823364257812,14,SIGNAL,
NFLX,BUY,2023-08-23,42.755001068115234,50,SIGNAL,
TXN,BUY,2023-08-23,158.48013305664062,13,SIGNAL,
AVGO,SELL,2023-08-24,86.34772705078124,26,TAKE_PROFIT,166.29932617187478
NFLX,SELL,2023-08-24,41.044801025390626,50,STOP_LOSS,-85.51000213623047
AVGO,BUY,2023-08-24,82.72238159179688,26,SIGNAL,
NFLX,BUY,2023-08-24,40.69300079345703,52,SIGNAL,
NVDA,SELL,2023-08-25,45.05553955078125,46,STOP_LOSS,-86.35645080566428
NVDA,BUY,2023-08-25,45.98454666137695,47,SIGNAL,
INTU,SELL,2023-08-29,516.4407202148437,4,TAKE_PROFIT,153.01947265624995
TSLA,BUY,2023-08-29,257.17999267578125,8,SIGNAL,
BAC,BUY,2023-08-29,27.35410499572754,80,SIGNAL,
NVDA,SELL,2023-08-30,49.66331039428711,47,TAKE_PROFIT,172.90189544677742
NVDA,BUY,2023-08-30,49.22819137573242,44,SIGNAL,
ADBE,SELL,2023-08-31,558.662431640625,4,TAKE_PROFIT,165.52960937499984
CSCO,SELL,2023-08-31,53.59036102294922,44,TAKE_PROFIT,174.66488037109366
AAPL,SELL,2023-08-31,185.91696716308593,12,TAKE_PROFIT,165.2595263671874
INTC,SELL,2023-08-31,34.6075927734375,67,TAKE_PROFIT,171.7562011718751
CRM,SELL,2023-08-31,218.56081420898437,10,TAKE_PROFIT,161.89689941406232
AVGO,SELL,2023-08-31,89.34017211914062,26,TAKE_PROFIT,172.0625537109372
AAPL,BUY,2023-08-31,185.86746215820312,11,SIGNAL,
AVGO,BUY,2023-08-31,89.34725952148438,24,SIGNAL,
CRM,BUY,2023-08-31,218.801513671875,10,SIGNAL,
ADBE,BUY,2023-08-31,559.3400268554688,3,SIGNAL,
CSCO,BUY,2023-08-31,53.47138977050781,41,SIGNAL,
INTC,BUY,2023-08-31,34.561946868896484,64,SIGNAL,
NFLX,SELL,2023-09-01,43.948440856933594,52,TAKE_PROFIT,169.28288330078112
TSLA,SELL,2023-09-01,246.89279296875,8,STOP_LOSS,-82.29759765624999
AVGO,SELL,2023-09-01,85.773369140625,24,STOP_LOSS,-85.77336914062516
TSLA,BUY,2023-09-01,245.00999450683594,9,SIGNAL,
AVGO,BUY,2023-09-01,84.47080993652344,26,SIGNAL,
AMD,BUY,2023-09-01,109.44999694824219,20,SIGNAL,
PEP,SELL,2023-09-05,160.8952587890625,12,STOP_LOSS,-80.4476293945313
NFLX,BUY,2023-09-05,44.86800003051758,49,SIGNAL,
KO,SELL,2023-09-06,54.289559326171876,35,STOP_LOSS,-79.17227401733385
XLP,SELL,2023-09-06,66.68359130859375,29,STOP_LOSS,-80.57600616455079
MCD,SELL,2023-09-06,262.05662109375,7,STOP_LOSS,-76.43318115234388
JPM,SELL,2023-09-06,136.85642578125,15,STOP_LOSS,-85.53526611328107
AMGN,SELL,2023-09-06,236.278330078125,8,STOP_LOSS,-78.75944335937493
UNP,SELL,2023-09-06,201.7028173828125,10,STOP_LOSS,-84.04284057617178
NVDA,SELL,2023-09-06,47.259063720703125,44,STOP_LOSS,-86.64161682128906
NVDA,BUY,2023-09-06,47.03066635131836,46,SIGNAL,
JPM,BUY,2023-09-06,137.01068115234375,16,SIGNAL,
PEP,BUY,2023-09-06,161.5703887939453,13,SIGNAL,
MCD,BUY,2023-09-06,261.2282409667969,8,SIGNAL,
INTU,BUY,2023-09-06,542.13623046875,4,SIGNAL,
AMGN,BUY,2023-09-06,232.26083374023438,9,SIGNAL,
LLY,SELL,2023-09-07,553.3209008789063,4,TAKE_PROFIT,163.94693359375015
AAPL,SELL,2023-09-07,178.432763671875,11,STOP_LOSS,-81.78168334960947
INTC,SELL,2023-09-07,37.326902618408205,64,TAKE_PROFIT,176.95716796875013
NVDA,SELL,2023-09-07,45.14943969726563,46,STOP_LOSS,-86.53642608642576
AAPL,BUY,2023-09-07,175.66738891601562,12,SIGNAL,
NVDA,BUY,2023-09-07,46.21119689941406,47,SIGNAL,
LLY,BUY,2023-09-07,564.2539672851562,3,SIGNAL,
INTC,BUY,2023-09-07,37.55194091796875,58,SIGNAL,
UNP,BUY,2023-09-07,200.08616638183594,11,SIGNAL,
TMO,SELL,2023-09-08,514.795078125,4,STOP_LOSS,-85.79917968749987
DHR,SELL,2023-09-11,214.3045458984375,9,STOP_LOSS,-80.364204711914
META,SELL,2023-09-11,305.76135498046875,7,TAKE_PROFIT,158.54292480468757
TSLA,SELL,2023-09-11,264.6107940673828,9,TAKE_PROFIT,176.40719604492188
AMD,SELL,2023-09-11,105.0719970703125,20,STOP_LOSS,-87.55999755859375
NVDA,SELL,2023-09-11,44.3627490234375,47,STOP_LOSS,-86.8770501708982
NVDA,BUY,2023-09-11,45.14887237548828,49,SIGNAL,
META,BUY,2023-09-11,305.426513671875,7,SIGNAL,
TSLA,BUY,2023-09-11,273.5799865722656,8,SIGNAL,
DHR,BUY,2023-09-11,218.95404052734375,10,SIGNAL,
AMZN,SELL,2023-09-13,144.69839538574217,16,TAKE_PROFIT,171.49439453124978
NFLX,SELL,2023-09-13,43.073280029296875,49,STOP_LOSS,-87.94128005981429
AMZN,BUY,2023-09-13,144.85000610351562,15,SIGNAL,
AMD,BUY,2023-09-13,107.70999908447266,20,SIGNAL,
NFLX,BUY,2023-09-13,41.2239990234375,53,SIGNAL,
XOM,SELL,2023-09-14,109.03604919433593,21,TAKE_PROFIT,169.61163208007792
XOM,BUY,2023-09-14,109.55126190185547,20,SIGNAL,
TXN,SELL,2023-09-15,152.140927734375,13,STOP_LOSS,-82.4096691894531
ADBE,SELL,2023-09-15,536.96642578125,3,STOP_LOSS,-67.12080322265638
AMD,SELL,2023-09-15,103.40159912109375,20,STOP_LOSS,-86.16799926757812
NFLX,SELL,2023-09-15,39.5750390625,53,STOP_LOSS,-87.39487792968748
ADBE,BUY,2023-09-15,528.8900146484375,4,SIGNAL,
NVDA,SELL,2023-09-18,43.34291748046875,49,STOP_LOSS,-88.491789855957
NVDA,BUY,2023-09-18,43.937660217285156,50,SIGNAL,
CRM,SELL,2023-09-19,210.049453125,10,STOP_LOSS,-87.52060546874964
INTU,SELL,2023-09-19,520.45078125,4,STOP_LOSS,-86.74179687500009
INTC,SELL,2023-09-19,36.04986328125,58,STOP_LOSS,-87.12050292968752
TSLA,SELL,2023-09-19,262.636787109375,8,STOP_LOSS,-87.54559570312495
AMZN,SELL,2023-09-19,139.056005859375,15,STOP_LOSS,-86.91000366210938
AMZN,BUY,2023-09-19,137.6300048828125,15,SIGNAL,
TSLA,BUY,2023-09-19,266.5,8,SIGNAL,
CRM,BUY,2023-09-19,213.11065673828125,10,SIGNAL,
INTC,BUY,2023-09-19,35.74220657348633,61,SIGNAL,
INTU,BUY,2023-09-19,520.7243041992188,4,SIGNAL,
AVGO,SELL,2023-09-20,81.0919775390625,26,STOP_LOSS,-87.84964233398432
AMGN,SELL,2023-09-20,250.84170043945312,9,TAKE_PROFIT,167.22780029296882
INTC,SELL,2023-09-20,34.31251831054688,61,STOP_LOSS,-87.21098403930637
AVGO,BUY,2023-09-20,80.84748077392578,26,SIGNAL,
INTC,BUY,2023-09-20,34.119346618652344,63,SIGNAL,
AMGN,BUY,2023-09-20,253.2007598876953,8,SIGNAL,
XLRE,SELL,2023-09-21,32.26259399414062,61,STOP_LOSS,-82.00075973510752
XLI,SELL,2023-09-21,99.1910009765625,20,STOP_LOSS,-82.65916748046857
CSCO,SELL,2023-09-21,51.3325341796875,41,STOP_LOSS,-87.69307922363305
LLY,SELL,2023-09-21,541.68380859375,3,STOP_LOSS,-67.71047607421883
META,SELL,2023-09-21,293.209453125,7,STOP_LOSS,-85.51942382812513
NVDA,SELL,2023-09-21,42.18015380859375,50,STOP_LOSS,-87.87532043457031
AMZN,SELL,2023-09-21,132.1248046875,15,STOP_LOSS,-82.57800292968773
TSLA,SELL,2023-09-21,255.84,8,STOP_LOSS,-85.27999999999997
INTU,SELL,2023-09-21,499.89533203125,4,STOP_LOSS,-83.31588867187497
AVGO,SELL,2023-09-21,77.61358154296875,26,STOP_LOSS,-84.08138000488293
AMZN,BUY,2023-09-21,129.3300018310547,16,SIGNAL,
META,BUY,2023-09-21,293.6786193847656,7,SIGNAL,
TSLA,BUY,2023-09-21,255.6999969482422,8,SIGNAL,
LLY,BUY,2023-09-21,541.5156860351562,3,SIGNAL,
AVGO,BUY,2023-09-21,78.68555450439453,27,SIGNAL,
CSCO,BUY,2023-09-21,49.73259353637695,43,SIGNAL,
INTU,BUY,2023-09-21,496.30133056640625,4,SIGNAL,
XLI,BUY,2023-09-21,98.73741912841797,21,SIGNAL,
BAC,SELL,2023-09-22,26.259940795898437,80,STOP_LOSS,-87.53313598632803
CRM,SELL,2023-09-22,204.58623046875,10,STOP_LOSS,-85.2442626953125
TSLA,SELL,2023-09-22,245.4719970703125,8,STOP_LOSS,-81.82399902343741
TSLA,BUY,2023-09-22,244.8800048828125,8,SIGNAL,
CRM,BUY,2023-09-22,203.95193481445312,10,SIGNAL,
SPGI,SELL,2023-09-25,364.150576171875,5,STOP_LOSS,-75.86470336914067
ADBE,SELL,2023-09-25,507.7344140625,4,STOP_LOSS,-84.62240234375008
ADBE,BUY,2023-09-25,511.6000061035156,4,SIGNAL,
SPGI,BUY,2023-09-25,365.09136962890625,5,SIGNAL,
HD,SELL,2023-09-26,286.52818359375,7,STOP_LOSS,-83.57072021484373
HD,BUY,2023-09-26,286.2018127441406,7,SIGNAL,
PG,SELL,2023-09-27,137.70638671875,15,STOP_LOSS,-86.06649169921866
CVX,SELL,2023-09-27,153.91918212890624,15,TAKE_PROFIT,171.02131347656223
JNJ,SELL,2023-09-27,146.311904296875,14,STOP_LOSS,-85.34861083984379
MCD,SELL,2023-09-27,250.779111328125,8,STOP_LOSS,-83.59303710937502
AAPL,SELL,2023-09-27,168.640693359375,12,STOP_LOSS,-84.32034667968742
UNP,SELL,2023-09-27,192.0827197265625,11,STOP_LOSS,-88.03791320800792
AMZN,SELL,2023-09-27,124.1568017578125,16,STOP_LOSS,-82.77120117187496
TSLA,SELL,2023-09-27,235.0848046875,8,STOP_LOSS,-78.36160156250003
AAPL,BUY,2023-09-27,168.61337280273438,12,SIGNAL,
AMZN,BUY,2023-09-27,125.9800033569336,16,SIGNAL,
PG,BUY,2023-09-27,138.20086669921875,15,SIGNAL,
CVX,BUY,2023-09-27,155.08543395996094,13,SIGNAL,
TSLA,BUY,2023-09-28,246.3800048828125,8,SIGNAL,
MRK,SELL,2023-09-29,95.8169677734375,20,STOP_LOSS,-79.84747314453125
PEP,SELL,2023-10-02,155.1075732421875,13,STOP_LOSS,-84.01660217285166
DHR,SELL,2023-10-02,210.19587890625,10,STOP_LOSS,-87.58161621093768
LLY,SELL,2023-10-02,519.85505859375,3,STOP_LOSS,-64.98188232421899
NVDA,BUY,2023-10-02,44.75313186645508,47,SIGNAL,
LLY,BUY,2023-10-02,529.861083984375,4,SIGNAL,
XLB,SELL,2023-10-03,36.774429931640626,54,STOP_LOSS,-82.74246734619146
AMGN,SELL,2023-10-03,243.0727294921875,8,STOP_LOSS,-81.02424316406245
CRM,SELL,2023-10-03,195.793857421875,10,STOP_LOSS,-81.58077392578116
SPGI,SELL,2023-10-03,350.48771484375,5,STOP_LOSS,-73.01827392578139
HD,SELL,2023-10-03,274.753740234375,7,STOP_LOSS,-80.13650756835932
LLY,SELL,2023-10-03,508.666640625,4,STOP_LOSS,-84.77777343749995
LLY,BUY,2023-10-03,516.9661865234375,4,SIGNAL,
HD,BUY,2023-10-03,276.1741943359375,7,SIGNAL,
CRM,BUY,2023-10-03,197.43115234375,10,SIGNAL,
AMGN,BUY,2023-10-03,243.4536895751953,8,SIGNAL,
CMCSA,SELL,2023-10-04,37.48144775390625,56,STOP_LOSS,-87.45671142578112
CAT,SELL,2023-10-04,255.3873046875,8,STOP_LOSS,-85.12910156249995
COP,SELL,2023-10-04,104.7398291015625,19,STOP_LOSS,-82.9190313720701
XOM,SELL,2023-10-04,105.16921142578126,20,STOP_LOSS,-87.6410095214842
CVX,SELL,2023-10-04,148.8820166015625,13,STOP_LOSS,-80.64442565917966
XOM,BUY,2023-10-04,103.0624771118164,20,SIGNAL,
CVX,BUY,2023-10-04,147.83168029785156,14,SIGNAL,
CMCSA,BUY,2023-10-04,37.670169830322266,56,SIGNAL,
SPGI,BUY,2023-10-04,356.06866455078125,5,SIGNAL,
CAT,BUY,2023-10-04,255.04812622070312,8,SIGNAL,
COP,BUY,2023-10-04,106.02181243896484,19,SIGNAL,
WMT,SELL,2023-10-06,50.30291381835937,41,STOP_LOSS,-85.93414443969732
XOM,SELL,2023-10-06,98.93997802734376,20,STOP_LOSS,-82.44998168945312
XOM,BUY,2023-10-06,99.06014251708984,21,SIGNAL,
WMT,BUY,2023-10-06,50.841854095458984,41,SIGNAL,
UNH,SELL,2023-10-09,504.2479724121094,4,TAKE_PROFIT,149.40680664062506
META,SELL,2023-10-09,317.1729089355469,7,TAKE_PROFIT,164.4600268554691
LLY,SELL,2023-10-09,558.3234814453125,4,TAKE_PROFIT,165.42917968749998
META,BUY,2023-10-09,316.151611328125,6,SIGNAL,
LLY,BUY,2023-10-09,562.8069458007812,3,SIGNAL,
UNH,BUY,2023-10-09,504.21405029296875,4,SIGNAL,
GOOGL,SELL,2023-10-10,138.56466247558595,17,TAKE_PROFIT,174.48883422851577
INTU,SELL,2023-10-10,536.0054370117188,4,TAKE_PROFIT,158.81642578125002
TSLA,SELL,2023-10-10,266.0904052734375,8,TAKE_PROFIT,157.6832031250001
GOOGL,BUY,2023-10-10,137.02468872070312,15,SIGNAL,
TSLA,BUY,2023-10-10,263.6199951171875,8,SIGNAL,
INTU,BUY,2023-10-10,532.3955078125,4,SIGNAL,
AVGO,SELL,2023-10-11,84.98039886474609,27,TAKE_PROFIT,169.96079772949224
AMGN,SELL,2023-10-11,262.92998474121094,8,TAKE_PROFIT,155.81036132812505
AVGO,BUY,2023-10-11,85.12944793701172,25,SIGNAL,
AMGN,BUY,2023-10-11,264.5242004394531,8,SIGNAL,
ADBE,SELL,2023-10-12,552.5280065917968,4,TAKE_PROFIT,163.71200195312485
ADBE,BUY,2023-10-12,559.6300048828125,3,SIGNAL,
COP,SELL,2023-10-13,114.50355743408203,19,TAKE_PROFIT,161.1531549072265
LLY,SELL,2023-10-13,607.8315014648438,3,TAKE_PROFIT,135.07366699218755
TSLA,SELL,2023-10-13,253.0751953125,8,STOP_LOSS,-84.3583984375
TSLA,BUY,2023-10-13,251.1199951171875,8,SIGNAL,
LLY,BUY,2023-10-13,599.6607055664062,3,SIGNAL,
COP,BUY,2023-10-13,116.80829620361328,18,SIGNAL,
UNP,BUY,2023-10-16,200.33323669433594,10,SIGNAL,
NVDA,SELL,2023-10-17,42.963006591796876,47,STOP_LOSS,-84.1358879089355
XLB,BUY,2023-10-17,37.85541915893555,57,SIGNAL,
XLY,SELL,2023-10-19,76.66970947265625,26,STOP_LOSS,-83.05885192871096
CAT,SELL,2023-10-19,244.846201171875,8,STOP_LOSS,-81.61540039062493
TSLA,SELL,2023-10-19,241.0751953125,8,STOP_LOSS,-80.3583984375
LLY,SELL,2023-10-19,575.67427734375,3,STOP_LOSS,-71.95928466796886
LLY,BUY,2023-10-19,581.548828125,3,SIGNAL,
CAT,BUY,2023-10-19,243.3654022216797,8,SIGNAL,
XLY,BUY,2023-10-19,75.61414337158203,28,SIGNAL,
BRK-B,SELL,2023-10-20,335.6448046875,6,STOP_LOSS,-83.91120117187484
INTU,SELL,2023-10-20,511.0996875,4,STOP_LOSS,-85.18328124999994
ADBE,SELL,2023-10-20,537.2448046875,3,STOP_LOSS,-67.15560058593746
XLB,SELL,2023-10-20,36.341202392578126,57,STOP_LOSS,-86.31035568237303
BRK-B,BUY,2023-10-20,335.8599853515625,6,SIGNAL,
ADBE,BUY,2023-10-20,540.9600219726562,3,SIGNAL,
INTU,BUY,2023-10-20,499.5712585449219,4,SIGNAL,
MA,SELL,2023-10-23,379.145302734375,5,STOP_LOSS,-78.98860473632817
XLF,SELL,2023-10-23,31.0467041015625,66,STOP_LOSS,-85.3784362792967
SPGI,SELL,2023-10-23,341.82591796875,5,STOP_LOSS,-71.2137329101563
MA,BUY,2023-10-23,378.7154235839844,5,SIGNAL,
CVX,SELL,2023-10-24,141.9184130859375,14,STOP_LOSS,-82.785740966797
AMGN,SELL,2023-10-24,253.943232421875,8,STOP_LOSS,-84.64774414062504
CVX,BUY,2023-10-24,142.0377197265625,14,SIGNAL,
AMGN,BUY,2023-10-24,257.5473327636719,8,SIGNAL,
ACN,SELL,2023-10-25,283.994384765625,7,STOP_LOSS,-82.83169555664062
MSFT,SELL,2023-10-25,336.51973388671877,6,TAKE_PROFIT,149.5643261718751
INTC,SELL,2023-10-25,32.75457275390625,63,STOP_LOSS,-85.98075347900385
XLI,SELL,2023-10-25,94.78792236328125,21,STOP_LOSS,-82.93943206787094
AMZN,SELL,2023-10-25,120.94080322265626,16,STOP_LOSS,-80.62720214843739
HD,SELL,2023-10-25,265.1272265625,7,STOP_LOSS,-77.32877441406231
META,SELL,2023-10-25,303.505546875,6,STOP_LOSS,-75.87638671874993
GOOGL,SELL,2023-10-25,131.543701171875,15,STOP_LOSS,-82.21481323242188
COP,SELL,2023-10-25,112.13596435546874,18,STOP_LOSS,-84.10197326660159
UNP,SELL,2023-10-25,192.3199072265625,10,STOP_LOSS,-80.13329467773451
ADBE,SELL,2023-10-25,519.32162109375,3,STOP_LOSS,-64.91520263671873
INTU,SELL,2023-10-25,479.588408203125,4,STOP_LOSS,-79.93140136718739
MSFT,BUY,2023-10-25,334.9853515625,6,SIGNAL,
AMZN,BUY,2023-10-25,121.38999938964844,17,SIGNAL,
GOOGL,BUY,2023-10-25,124.66803741455078,16,SIGNAL,
META,BUY,2023-10-25,297.45220947265625,7,SIGNAL,
ADBE,BUY,2023-10-25,521.1400146484375,4,SIGNAL,
ACN,BUY,2023-10-25,283.99481201171875,7,SIGNAL,
INTC,BUY,2023-10-25,32.28995132446289,64,SIGNAL,
NKE,BUY,2023-10-25,99.1237564086914,21,SIGNAL,
COP,BUY,2023-10-25,112.64524841308594,18,SIGNAL,
PM,SELL,2023-10-26,81.27292236328125,25,STOP_LOSS,-84.65929412841797
CMCSA,SELL,2023-10-26,36.16336303710938,56,STOP_LOSS,-84.38118041992175
AVGO,SELL,2023-10-26,81.72427001953125,25,STOP_LOSS,-85.12944793701172
LLY,SELL,2023-10-26,558.286875,3,STOP_LOSS,-69.78585937499997
CAT,SELL,2023-10-26,233.6307861328125,8,STOP_LOSS,-77.87692871093759
XLY,SELL,2023-10-26,72.58957763671874,28,STOP_LOSS,-84.687840576172
MA,SELL,2023-10-26,363.566806640625,5,STOP_LOSS,-75.74308471679706
MSFT,SELL,2023-10-26,321.5859375,6,STOP_LOSS,-80.396484375
META,SELL,2023-10-26,285.55412109375,7,STOP_LOSS,-83.2866186523438
MSFT,BUY,2023-10-26,322.4186706542969,6,SIGNAL,
META,BUY,2023-10-26,286.3497619628906,7,SIGNAL,
LLY,BUY,2023-10-26,559.2042846679688,3,SIGNAL,
AVGO,BUY,2023-10-26,80.47564697265625,25,SIGNAL,
MA,BUY,2023-10-26,359.88177490234375,5,SIGNAL,
CMCSA,BUY,2023-10-26,33.92655563354492,60,SIGNAL,
CAT,BUY,2023-10-26,234.5048828125,8,SIGNAL,
XLV,SELL,2023-10-27,120.14121826171875,16,STOP_LOSS,-80.09414550781253
ABBV,SELL,2023-10-27,130.8265869140625,16,STOP_LOSS,-87.21772460937518
JPM,SELL,2023-10-27,131.53025390625,16,STOP_LOSS,-87.68683593749984
CVX,SELL,2023-10-27,136.3562109375,14,STOP_LOSS,-79.54112304687487
AMGN,SELL,2023-10-27,247.245439453125,8,STOP_LOSS,-82.4151464843751
GOOGL,SELL,2023-10-27,119.68131591796875,16,STOP_LOSS,-79.78754394531256
INTC,SELL,2023-10-27,34.87314743041992,64,TAKE_PROFIT,165.32455078124985
NKE,SELL,2023-10-27,95.15880615234374,21,STOP_LOSS,-83.26395538330098
GOOGL,BUY,2023-10-27,121.25383758544922,17,SIGNAL,
ABBV,BUY,2023-10-27,128.46873474121094,16,SIGNAL,
INTC,BUY,2023-10-27,34.95537185668945,59,SIGNAL,
AMGN,BUY,2023-10-27,243.97601318359375,8,SIGNAL,
XLY,BUY,2023-10-27,73.41069030761719,28,SIGNAL,
AMZN,SELL,2023-10-30,131.1011993408203,17,TAKE_PROFIT,165.0903991699215
AMZN,BUY,2023-10-30,132.7100067138672,15,SIGNAL,
NKE,BUY,2023-10-30,97.45796203613281,21,SIGNAL,
UNP,BUY,2023-10-30,195.5536651611328,10,SIGNAL,
CAT,SELL,2023-10-31,225.1246875,8,STOP_LOSS,-75.04156250000005
AMGN,SELL,2023-10-31,234.21697265625,8,STOP_LOSS,-78.07232421875005
AMGN,BUY,2023-10-31,238.50083923339844,8,SIGNAL,
XLF,BUY,2023-10-31,31.267423629760742,66,SIGNAL,
META,SELL,2023-11-01,309.2577429199219,7,TAKE_PROFIT,160.35586669921895
NVDA,BUY,2023-11-01,42.2977180480957,49,SIGNAL,
META,BUY,2023-11-01,309.6867980957031,6,SIGNAL,
CMCSA,SELL,2023-11-02,36.640680084228514,60,TAKE_PROFIT,162.84746704101553
JPM,BUY,2023-11-02,134.6510772705078,15,SIGNAL,
HD,BUY,2023-11-02,278.62432861328125,7,SIGNAL,
AMD,BUY,2023-11-02,107.83000183105469,19,SIGNAL,
DIS,BUY,2023-11-02,81.37370300292969,26,SIGNAL,
CMCSA,BUY,2023-11-02,36.829586029052734,57,SIGNAL,
SPGI,BUY,2023-11-02,369.474853515625,5,SIGNAL,
XLI,BUY,2023-11-02,97.35506439208984,21,SIGNAL,
ADBE,SELL,2023-11-03,562.8312158203125,4,TAKE_PROFIT,166.76480468750015
ACN,SELL,2023-11-03,306.71439697265623,7,TAKE_PROFIT,159.03709472656237
MSFT,SELL,2023-11-03,348.2121643066406,6,TAKE_PROFIT,154.76096191406214
MSFT,BUY,2023-11-03,346.9129943847656,6,SIGNAL,
ADBE,BUY,2023-11-03,563.6599731445312,3,SIGNAL,
ACN,BUY,2023-11-03,304.18731689453125,7,SIGNAL,
VZ,BUY,2023-11-03,31.05567169189453,68,SIGNAL,
NVDA,SELL,2023-11-06,45.68153549194336,49,TAKE_PROFIT,165.80705474853494
NVDA,BUY,2023-11-06,45.72150802612305,46,SIGNAL,
COP,SELL,2023-11-07,108.1394384765625,18,STOP_LOSS,-81.10457885742176
AVGO,SELL,2023-11-07,86.91369873046875,25,TAKE_PROFIT,160.9512939453125
INTC,SELL,2023-11-07,37.75180160522461,59,TAKE_PROFIT,164.98935516357415
XLY,SELL,2023-11-07,79.28354553222657,28,TAKE_PROFIT,164.43994628906285
AMZN,SELL,2023-11-07,143.32680725097657,15,TAKE_PROFIT,159.252008056641
AMZN,BUY,2023-11-07,142.7100067138672,15,SIGNAL,
AVGO,BUY,2023-11-07,87.39356231689453,24,SIGNAL,
INTC,BUY,2023-11-07,38.25762176513672,56,SIGNAL,
INTU,BUY,2023-11-07,506.5697937011719,4,SIGNAL,
COP,BUY,2023-11-07,107.8179931640625,19,SIGNAL,
XLY,BUY,2023-11-07,79.6039047241211,26,SIGNAL,
XLE,SELL,2023-11-08,38.41295654296875,54,STOP_LOSS,-86.42915222167949
LLY,SELL,2023-11-08,603.9406274414063,3,TAKE_PROFIT,134.20902832031243
GOOGL,SELL,2023-11-08,130.95414459228516,17,TAKE_PROFIT,164.9052191162109
NKE,SELL,2023-11-08,105.25459899902344,21,TAKE_PROFIT,163.72937622070322
GOOGL,BUY,2023-11-08,130.85133361816406,16,SIGNAL,
LLY,BUY,2023-11-08,609.4351196289062,3,SIGNAL,
NFLX,BUY,2023-11-08,43.665000915527344,49,SIGNAL,
NKE,BUY,2023-11-08,104.7242431640625,20,SIGNAL,
AAPL,SELL,2023-11-09,182.10244262695312,12,TAKE_PROFIT,161.86883789062495
XOM,SELL,2023-11-09,95.09773681640625,21,STOP_LOSS,-83.21051971435531
DIS,SELL,2023-11-09,87.88359924316406,26,TAKE_PROFIT,169.2573022460938
CMCSA,SELL,2023-11-09,35.35640258789063,57,STOP_LOSS,-83.97145614624014
LLY,SELL,2023-11-09,585.05771484375,3,STOP_LOSS,-73.13221435546893
AAPL,BUY,2023-11-09,180.46571350097656,11,SIGNAL,
LLY,BUY,2023-11-09,582.060791015625,3,SIGNAL,
DIS,BUY,2023-11-09,88.26148986816406,24,SIGNAL,
CMCSA,BUY,2023-11-09,35.42573165893555,60,SIGNAL,
XLK,SELL,2023-11-10,87.54338836669922,26,TAKE_PROFIT,168.60208129882812
MA,SELL,2023-11-10,388.67231689453126,5,TAKE_PROFIT,143.95270996093768
AMD,SELL,2023-11-10,116.45640197753906,19,TAKE_PROFIT,163.9016027832031
MA,BUY,2023-11-10,389.28704833984375,5,SIGNAL,
AMD,BUY,2023-11-10,118.58999633789062,18,SIGNAL,
XLK,BUY,2023-11-10,88.40166473388672,24,SIGNAL,
COST,SELL,2023-11-13,560.1983862304687,4,TAKE_PROFIT,165.98470703124985
CRM,SELL,2023-11-13,213.22564453125,10,TAKE_PROFIT,157.9449218750001
NKE,SELL,2023-11-13,100.5352734375,20,STOP_LOSS,-83.77939453125009
COST,BUY,2023-11-13,559.1725463867188,3,SIGNAL,
CRM,BUY,2023-11-13,212.6956787109375,10,SIGNAL,
MCD,BUY,2023-11-13,255.31019592285156,8,SIGNAL,
NKE,BUY,2023-11-13,99.75558471679688,21,SIGNAL,
WMT,SELL,2023-11-14,54.90920242309571,41,TAKE_PROFIT,166.76128143310552
META,SELL,2023-11-14,334.46174194335936,6,TAKE_PROFIT,148.6496630859374
SPGI,SELL,2023-11-14,399.032841796875,5,TAKE_PROFIT,147.7899414062499
ADBE,SELL,2023-11-14,608.7527709960938,3,TAKE_PROFIT,135.27839355468768
NVDA,SELL,2023-11-14,49.37922866821289,46,TAKE_PROFIT,168.25514953613265
AVGO,SELL,2023-11-14,94.3850473022461,24,TAKE_PROFIT,167.79563964843737
INTU,SELL,2023-11-14,547.0953771972656,4,TAKE_PROFIT,162.10233398437504
NVDA,BUY,2023-11-14,49.62398147583008,43,SIGNAL,
META,BUY,2023-11-14,333.97705078125,6,SIGNAL,
AVGO,BUY,2023-11-14,94.70767211914062,23,SIGNAL,
WMT,BUY,2023-11-14,54.49546813964844,40,SIGNAL,
KO,BUY,2023-11-14,53.394737243652344,40,SIGNAL,
ADBE,BUY,2023-11-14,604.3300170898438,3,SIGNAL,
INTU,BUY,2023-11-14,547.5855102539062,3,SIGNAL,
SPGI,BUY,2023-11-14,396.9849548339844,5,SIGNAL,
PM,BUY,2023-11-15,83.21920013427734,26,SIGNAL,
CAT,BUY,2023-11-15,242.88177490234375,9,SIGNAL,
CSCO,SELL,2023-11-16,47.74328979492188,43,STOP_LOSS,-85.54006088256801
AMGN,SELL,2023-11-16,257.58090637207033,8,TAKE_PROFIT,152.64053710937515
INTC,SELL,2023-11-16,41.31823150634766,56,TAKE_PROFIT,171.39414550781248
COP,SELL,2023-11-16,103.5052734375,19,STOP_LOSS,-81.94167480468764
WMT,SELL,2023-11-16,52.3156494140625,40,STOP_LOSS,-87.1927490234375
WMT,BUY,2023-11-16,50.72159194946289,43,SIGNAL,
INTC,BUY,2023-11-16,42.77709197998047,51,SIGNAL,
AMGN,BUY,2023-11-16,252.8790283203125,8,SIGNAL,
COP,BUY,2023-11-16,105.2964859008789,20,SIGNAL,
XLV,BUY,2023-11-16,123.76045989990234,17,SIGNAL,
XLF,SELL,2023-11-17,33.7688175201416,66,TAKE_PROFIT,165.09199676513663
JPM,SELL,2023-11-17,145.42316345214843,15,TAKE_PROFIT,161.58129272460928
JPM,BUY,2023-11-17,145.5054473876953,15,SIGNAL,
XLF,BUY,2023-11-17,33.82794952392578,64,SIGNAL,
XLU,BUY,2023-11-17,29.07418441772461,75,SIGNAL,
NFLX,SELL,2023-11-20,47.15820098876953,49,TAKE_PROFIT,171.16680358886697
BAC,BUY,2023-11-20,28.37632942199707,77,SIGNAL,
NFLX,BUY,2023-11-20,47.446998596191406,46,SIGNAL,
BRK-B,SELL,2023-11-21,362.7287841796875,6,TAKE_PROFIT,161.21279296875036
UNP,SELL,2023-11-21,211.19795837402344,10,TAKE_PROFIT,156.44293212890625
BRK-B,BUY,2023-11-21,361.0,6,SIGNAL,
UNP,BUY,2023-11-21,210.94708251953125,10,SIGNAL,
XLP,BUY,2023-11-21,65.44865417480469,33,SIGNAL,
XLRE,BUY,2023-11-21,33.32963562011719,66,SIGNAL,
HON,BUY,2023-11-22,173.6721649169922,12,SIGNAL,
MSFT,SELL,2023-11-27,374.66603393554686,6,TAKE_PROFIT,166.51823730468732
NVDA,SELL,2023-11-27,47.639022216796874,43,STOP_LOSS,-85.35324813842772
MSFT,BUY,2023-11-27,373.04791259765625,5,SIGNAL,
NVDA,BUY,2023-11-27,48.21090316772461,45,SIGNAL,
XLB,BUY,2023-11-27,38.7400016784668,56,SIGNAL,
PEP,BUY,2023-11-28,156.1425018310547,14,SIGNAL,
V,SELL,2023-11-29,251.32469787597657,9,TAKE_PROFIT,167.54979858398428
V,BUY,2023-11-29,250.5221405029297,8,SIGNAL,
CRM,SELL,2023-11-30,229.7113330078125,10,TAKE_PROFIT,170.15654296874982
META,SELL,2023-11-30,320.61796875,6,STOP_LOSS,-80.15449218750018
AVGO,SELL,2023-11-30,90.919365234375,23,STOP_LOSS,-87.1310583496097
META,BUY,2023-11-30,324.8805847167969,6,SIGNAL,
AVGO,BUY,2023-11-30,90.11032104492188,24,SIGNAL,
CRM,BUY,2023-11-30,248.87606811523438,8,SIGNAL,
HD,SELL,2023-12-01,300.9142749023438,7,TAKE_PROFIT,156.02962402343746
XLI,SELL,2023-12-01,105.14346954345703,21,TAKE_PROFIT,163.55650817871083
NKE,SELL,2023-12-01,107.73603149414062,21,TAKE_PROFIT,167.5893823242186
NVDA,SELL,2023-12-01,46.28246704101562,45,STOP_LOSS,-86.77962570190448
NVDA,BUY,2023-12-01,46.73484802246094,47,SIGNAL,
TSLA,BUY,2023-12-01,238.8300018310547,9,SIGNAL,
HD,BUY,2023-12-01,304.3896789550781,7,SIGNAL,
NKE,BUY,2023-12-01,109.00554656982422,20,SIGNAL,
XLE,BUY,2023-12-01,39.436729431152344,56,SIGNAL,
XLI,BUY,2023-12-01,105.11754608154297,21,SIGNAL,
ACN,SELL,2023-12-04,328.5223022460938,7,TAKE_PROFIT,170.34489746093777
NFLX,SELL,2023-12-04,45.54911865234375,46,STOP_LOSS,-87.30247741699213
MSFT,SELL,2023-12-04,358.12599609375,5,STOP_LOSS,-74.60958251953116
META,SELL,2023-12-04,311.885361328125,6,STOP_LOSS,-77.97134033203133
MSFT,BUY,2023-12-04,363.7170715332031,6,SIGNAL,
META,BUY,2023-12-04,317.8000183105469,6,SIGNAL,
NFLX,BUY,2023-12-04,45.38999938964844,48,SIGNAL,
ACN,BUY,2023-12-04,326.4465637207031,6,SIGNAL,
TXN,BUY,2023-12-04,148.24603271484375,14,SIGNAL,
INTC,SELL,2023-12-05,41.06600830078125,51,STOP_LOSS,-87.26526763916036
TMO,BUY,2023-12-05,488.2086486816406,4,SIGNAL,
XLE,SELL,2023-12-06,37.85926025390625,56,STOP_LOSS,-88.33827392578132
INTC,BUY,2023-12-06,40.72458267211914,54,SIGNAL,
AMD,SELL,2023-12-07,128.07719604492186,18,TAKE_PROFIT,170.76959472656245
AMD,BUY,2023-12-07,128.3699951171875,17,SIGNAL,
ABBV,SELL,2023-12-08,138.74623352050781,16,TAKE_PROFIT,164.43998046875004
JNJ,BUY,2023-12-08,145.2354736328125,15,SIGNAL,
COST,SELL,2023-12-11,603.9063500976563,3,TAKE_PROFIT,134.2014111328126
MCD,SELL,2023-12-11,275.73501159667967,8,TAKE_PROFIT,163.39852539062485
AVGO,SELL,2023-12-11,97.31914672851562,24,TAKE_PROFIT,173.01181640624964
INTC,SELL,2023-12-11,43.98254928588867,54,TAKE_PROFIT,175.93019714355478
AVGO,BUY,2023-12-11,100.18595886230469,22,SIGNAL,
COST,BUY,2023-12-11,603.2987060546875,3,SIGNAL,
ABBV,BUY,2023-12-11,139.85182189941406,16,SIGNAL,
CSCO,BUY,2023-12-11,46.38230514526367,48,SIGNAL,
AMD,SELL,2023-12-12,138.6395947265625,17,TAKE_PROFIT,174.58319335937495
AMD,BUY,2023-12-12,137.61000061035156,16,SIGNAL,
XLY,SELL,2023-12-13,85.97221710205078,26,TAKE_PROFIT,165.57612182617186
AAPL,SELL,2023-12-13,194.9029705810547,11,TAKE_PROFIT,158.8098278808593
MA,SELL,2023-12-13,420.43001220703127,5,TAKE_PROFIT,155.7148193359376
INTU,SELL,2023-12-13,591.3923510742187,3,TAKE_PROFIT,131.42052246093726
SPGI,SELL,2023-12-13,428.74375122070313,5,TAKE_PROFIT,158.79398193359384
XLRE,SELL,2023-12-13,35.99600646972656,66,TAKE_PROFIT,175.9804760742186
TSLA,SELL,2023-12-13,229.2768017578125,9,STOP_LOSS,-85.9788006591798
AAPL,BUY,2023-12-13,196.1079559326172,11,SIGNAL,
TSLA,BUY,2023-12-13,239.2899932861328,9,SIGNAL,
MA,BUY,2023-12-13,419.1957702636719,5,SIGNAL,
MCD,BUY,2023-12-13,282.34271240234375,8,SIGNAL,
INTC,BUY,2023-12-13,43.98097229003906,52,SIGNAL,
INTU,BUY,2023-12-13,601.504150390625,3,SIGNAL,
DHR,BUY,2023-12-13,224.2442169189453,10,SIGNAL,
CMCSA,SELL,2023-12-14,38.25979019165039,60,TAKE_PROFIT,170.04351196289053
ADBE,SELL,2023-12-14,580.15681640625,3,STOP_LOSS,-72.51960205078149
CAT,SELL,2023-12-14,262.31231689453125,9,TAKE_PROFIT,174.8748779296875
BAC,SELL,2023-12-14,30.646435775756835,77,TAKE_PROFIT,174.79818923950188
UNP,SELL,2023-12-14,227.82284912109375,10,TAKE_PROFIT,168.7576660156251
HD,SELL,2023-12-14,328.74085327148435,7,TAKE_PROFIT,170.45822021484355
NKE,SELL,2023-12-14,117.72599029541016,20,TAKE_PROFIT,174.40887451171875
TMO,SELL,2023-12-14,527.2653405761719,4,TAKE_PROFIT,156.22676757812496
AVGO,SELL,2023-12-14,108.20083557128906,22,TAKE_PROFIT,176.32728759765632
AVGO,BUY,2023-12-14,107.70543670654297,21,SIGNAL,
HD,BUY,2023-12-14,335.0457763671875,6,SIGNAL,
MRK,BUY,2023-12-14,99.33250427246094,23,SIGNAL,
BAC,BUY,2023-12-14,32.348533630371094,70,SIGNAL,
TMO,BUY,2023-12-14,518.2721557617188,4,SIGNAL,
ADBE,BUY,2023-12-14,584.6400146484375,3,SIGNAL,
CMCSA,BUY,2023-12-14,38.68406677246094,59,SIGNAL,
NKE,BUY,2023-12-14,116.24822998046875,19,SIGNAL,
UNP,BUY,2023-12-14,232.06346130371094,9,SIGNAL,
LLY,SELL,2023-12-15,558.778359375,3,STOP_LOSS,-69.84729492187489
JPM,SELL,2023-12-15,157.14588317871093,15,TAKE_PROFIT,174.60653686523438
TXN,SELL,2023-12-15,160.10571533203125,14,TAKE_PROFIT,166.03555664062515
LLY,BUY,2023-12-15,564.1229248046875,4,SIGNAL,
JPM,BUY,2023-12-15,157.32144165039062,14,SIGNAL,
TXN,BUY,2023-12-15,158.8121795654297,14,SIGNAL,
AMZN,SELL,2023-12-18,154.12680725097655,15,TAKE_PROFIT,171.25200805664053
META,SELL,2023-12-18,343.2240197753906,6,TAKE_PROFIT,152.54400878906245
NFLX,SELL,2023-12-18,49.02119934082031,48,TAKE_PROFIT,174.29759765624976
COST,SELL,2023-12-18,651.5626025390625,3,TAKE_PROFIT,144.79168945312495
TSLA,SELL,2023-12-18,258.4331927490234,9,TAKE_PROFIT,172.28879516601546
AMZN,BUY,2023-12-18,154.07000732421875,14,SIGNAL,
META,BUY,2023-12-18,342.2294006347656,6,SIGNAL,
TSLA,BUY,2023-12-18,252.0800018310547,9,SIGNAL,
COST,BUY,2023-12-18,658.7874755859375,3,SIGNAL,
NFLX,BUY,2023-12-18,48.61199951171875,47,SIGNAL,
INTC,SELL,2023-12-22,47.49945007324219,52,TAKE_PROFIT,182.9608447265623
NKE,SELL,2023-12-22,111.59830078125,19,STOP_LOSS,-88.34865478515621
INTC,BUY,2023-12-22,47.365638732910156,48,SIGNAL,
NKE,BUY,2023-12-22,103.780029296875,22,SIGNAL,
GOOGL,SELL,2023-12-26,141.31944030761719,16,TAKE_PROFIT,167.48970703124996
HON,SELL,2023-12-26,187.56593811035157,12,TAKE_PROFIT,166.72527832031255
GOOGL,BUY,2023-12-26,140.45872497558594,16,SIGNAL,
SPGI,BUY,2023-12-26,429.6824951171875,5,SIGNAL,
XLK,SELL,2023-12-28,95.47379791259766,24,TAKE_PROFIT,169.7311962890626
XLF,SELL,2023-12-28,36.53418548583984,64,TAKE_PROFIT,173.1991015624999
AMD,SELL,2023-12-28,148.6188006591797,16,TAKE_PROFIT,176.14080078125016
CVX,BUY,2023-12-28,137.2230224609375,16,SIGNAL,
AMD,BUY,2023-12-28,148.75999450683594,15,SIGNAL,
CAT,BUY,2023-12-28,287.17486572265625,8,SIGNAL,
HON,BUY,2023-12-28,188.8981475830078,12,SIGNAL,
VZ,SELL,2024-01-02,33.540125427246096,68,TAKE_PROFIT,168.94285400390618
AMGN,SELL,2024-01-02,273.1093505859375,8,TAKE_PROFIT,161.84257812499982
XLV,SELL,2024-01-02,133.66129669189453,17,TAKE_PROFIT,168.3142254638674
AAPL,SELL,2024-01-02,188.2636376953125,11,STOP_LOSS,-86.2875006103518
NFLX,SELL,2024-01-02,46.66751953125,47,STOP_LOSS,-91.39055908203136
AMD,SELL,2024-01-02,142.8095947265625,15,STOP_LOSS,-89.25599670410156
AAPL,BUY,2024-01-02,183.9031982421875,12,SIGNAL,
AMD,BUY,2024-01-02,138.5800018310547,16,SIGNAL,
NFLX,BUY,2024-01-02,46.849998474121094,49,SIGNAL,
VZ,BUY,2024-01-02,33.52150344848633,69,SIGNAL,
AMGN,BUY,2024-01-02,279.5676574707031,8,SIGNAL,
AVGO,SELL,2024-01-03,103.39721923828125,21,STOP_LOSS,-90.47256683349588
HD,SELL,2024-01-03,321.6439453125,6,STOP_LOSS,-80.41098632812486
MRK,SELL,2024-01-03,107.27910461425782,23,TAKE_PROFIT,182.7718078613284
LLY,SELL,2024-01-03,609.2527587890625,4,TAKE_PROFIT,180.51933593749982
TSLA,SELL,2024-01-03,241.9968017578125,9,STOP_LOSS,-90.74880065917978
CAT,SELL,2024-01-03,275.68787109375,8,STOP_LOSS,-91.89595703124996
TSLA,BUY,2024-01-03,238.4499969482422,9,SIGNAL,
LLY,BUY,2024-01-03,609.151123046875,3,SIGNAL,
AVGO,BUY,2024-01-03,103.51571655273438,22,SIGNAL,
HD,BUY,2024-01-03,322.14154052734375,7,SIGNAL,
MRK,BUY,2024-01-03,107.67274475097656,21,SIGNAL,
CAT,BUY,2024-01-03,275.0060729980469,8,SIGNAL,
XLF,BUY,2024-01-03,36.35500717163086,63,SIGNAL,
COP,SELL,2024-01-04,113.72020477294922,20,TAKE_PROFIT,168.47437744140643
INTU,SELL,2024-01-04,577.443984375,3,STOP_LOSS,-72.18049804687507
CMCSA,SELL,2024-01-04,37.1367041015625,59,STOP_LOSS,-91.2943975830076
AMZN,SELL,2024-01-04,147.90720703125,14,STOP_LOSS,-86.2792041015623
INTC,SELL,2024-01-04,45.47101318359375,48,STOP_LOSS,-90.94202636718774
NKE,SELL,2024-01-04,99.628828125,22,STOP_LOSS,-91.32642578125024
AMZN,BUY,2024-01-04,144.57000732421875,15,SIGNAL,
INTC,BUY,2024-01-04,46.25057601928711,49,SIGNAL,
CMCSA,BUY,2024-01-04,37.18819046020508,61,SIGNAL,
INTU,BUY,2024-01-04,578.4384765625,3,SIGNAL,
COP,BUY,2024-01-04,109.51811981201172,21,SIGNAL,
GOOGL,SELL,2024-01-05,134.8403759765625,16,STOP_LOSS,-89.8935839843748
GOOGL,BUY,2024-01-05,134.712158203125,17,SIGNAL,
NVDA,SELL,2024-01-08,50.473635864257815,47,TAKE_PROFIT,175.72302856445322
NVDA,BUY,2024-01-08,52.22390365600586,44,SIGNAL,
ABBV,SELL,2024-01-09,151.0399676513672,16,TAKE_PROFIT,179.01033203125007
HON,SELL,2024-01-09,181.3422216796875,12,STOP_LOSS,-90.671110839844
AMD,SELL,2024-01-09,149.66640197753907,16,TAKE_PROFIT,177.38240234375007
ABBV,BUY,2024-01-09,150.0882568359375,15,SIGNAL,
AMD,BUY,2024-01-09,149.25999450683594,15,SIGNAL,
HON,BUY,2024-01-09,182.08888244628906,12,SIGNAL,
META,SELL,2024-01-10,369.60775268554687,6,TAKE_PROFIT,164.27011230468725
COP,SELL,2024-01-10,105.13739501953125,21,STOP_LOSS,-91.99522064208986
META,BUY,2024-01-10,367.9001159667969,6,SIGNAL,
COP,BUY,2024-01-10,104.53489685058594,22,SIGNAL,
CRM,SELL,2024-01-11,268.7861535644531,8,TAKE_PROFIT,159.28068359374993
TSLA,SELL,2024-01-11,228.9119970703125,9,STOP_LOSS,-85.84199890136733
AMZN,SELL,2024-01-11,156.13560791015624,15,TAKE_PROFIT,173.4840087890625
AMZN,BUY,2024-01-11,155.17999267578125,15,SIGNAL,
CRM,BUY,2024-01-11,268.12225341796875,8,SIGNAL,
NKE,BUY,2024-01-11,101.72441864013672,22,SIGNAL,
BAC,SELL,2024-01-12,31.05459228515625,70,STOP_LOSS,-90.57589416503924
BAC,BUY,2024-01-12,31.261985778808594,74,SIGNAL,
CVX,SELL,2024-01-16,131.7341015625,16,STOP_LOSS,-87.82273437499998
NVDA,SELL,2024-01-16,56.40181594848633,44,TAKE_PROFIT,183.82814086914095
NKE,SELL,2024-01-16,97.65544189453125,22,STOP_LOSS,-89.51748840332039
NVDA,BUY,2024-01-16,56.35060501098633,41,SIGNAL,
XLK,BUY,2024-01-16,95.11117553710938,24,SIGNAL,
XLV,BUY,2024-01-16,135.11988830566406,17,SIGNAL,
TXN,SELL,2024-01-17,152.4596923828125,14,STOP_LOSS,-88.93482055664072
COP,SELL,2024-01-17,100.3535009765625,22,STOP_LOSS,-91.9907092285157
BAC,SELL,2024-01-17,30.01150634765625,74,STOP_LOSS,-92.53547790527318
BAC,BUY,2024-01-17,30.30887794494629,76,SIGNAL,
TXN,BUY,2024-01-17,152.9546356201172,15,SIGNAL,
COP,BUY,2024-01-17,101.14065551757812,22,SIGNAL,
UNH,SELL,2024-01-18,484.04548828125,4,STOP_LOSS,-80.67424804687494
AVGO,SELL,2024-01-18,111.79697387695313,22,TAKE_PROFIT,182.18766113281254
AMD,SELL,2024-01-18,161.20079406738282,15,TAKE_PROFIT,179.11199340820303
AVGO,BUY,2024-01-18,111.85990142822266,20,SIGNAL,
UNH,BUY,2024-01-18,496.1615905761719,4,SIGNAL,
AMD,BUY,2024-01-18,162.6699981689453,14,SIGNAL,
ACN,SELL,2024-01-19,352.5622888183594,6,TAKE_PROFIT,156.69435058593763
ACN,BUY,2024-01-19,354.3907470703125,6,SIGNAL,
MSFT,SELL,2024-01-22,392.8144372558594,6,TAKE_PROFIT,174.58419433593735
GOOGL,SELL,2024-01-22,145.489130859375,17,TAKE_PROFIT,183.20853515625004
TXN,SELL,2024-01-22,165.19100646972657,15,TAKE_PROFIT,183.54556274414062
MSFT,BUY,2024-01-22,390.6849365234375,6,SIGNAL,
GOOGL,BUY,2024-01-22,144.8952178955078,16,SIGNAL,
TXN,BUY,2024-01-22,164.6414794921875,14,SIGNAL,
VZ,SELL,2024-01-23,36.20322372436524,69,TAKE_PROFIT,185.03869903564464
INTU,SELL,2024-01-23,624.7135546875,3,TAKE_PROFIT,138.82523437500004
VZ,BUY,2024-01-23,37.02378845214844,64,SIGNAL,
INTU,BUY,2024-01-23,627.6826171875,3,SIGNAL,
NFLX,SELL,2024-01-24,50.59799835205078,49,TAKE_PROFIT,183.65199401855443
NVDA,SELL,2024-01-24,60.858653411865234,41,TAKE_PROFIT,184.82998443603492
AVGO,SELL,2024-01-24,120.80869354248047,20,TAKE_PROFIT,178.97584228515643
AMD,SELL,2024-01-24,175.68359802246093,14,TAKE_PROFIT,182.19039794921855
NVDA,BUY,2024-01-24,61.32783508300781,38,SIGNAL,
AVGO,BUY,2024-01-24,122.61259460449219,19,SIGNAL,
AMD,BUY,2024-01-24,178.2899932861328,13,SIGNAL,
NFLX,BUY,2024-01-24,54.48699951171875,43,SIGNAL,
CMCSA,SELL,2024-01-25,40.16324569702149,61,TAKE_PROFIT,181.47836944580104
UNH,SELL,2024-01-25,476.315126953125,4,STOP_LOSS,-79.38585449218749
TXN,SELL,2024-01-25,158.0558203125,14,STOP_LOSS,-92.19922851562478
UNH,BUY,2024-01-25,474.1180114746094,5,SIGNAL,
CVX,BUY,2024-01-25,136.12353515625,17,SIGNAL,
CMCSA,BUY,2024-01-25,39.49118423461914,60,SIGNAL,
INTC,SELL,2024-01-26,44.40055297851563,49,STOP_LOSS,-90.65112899780252
AVGO,SELL,2024-01-26,117.7080908203125,19,STOP_LOSS,-93.18557189941384
AVGO,BUY,2024-01-26,117.8219985961914,20,SIGNAL,
INTC,BUY,2024-01-26,43.07312774658203,55,SIGNAL,
PG,SELL,2024-01-29,149.25693603515626,15,TAKE_PROFIT,165.8410400390626
DIS,SELL,2024-01-29,95.3224090576172,24,TAKE_PROFIT,169.46206054687536
V,SELL,2024-01-29,270.56391174316406,8,TAKE_PROFIT,160.33416992187495
ADBE,SELL,2024-01-29,631.4112158203125,3,TAKE_PROFIT,140.3136035156249
META,SELL,2024-01-29,397.3321252441406,6,TAKE_PROFIT,176.59205566406263
META,BUY,2024-01-29,398.2381591796875,6,SIGNAL,
V,BUY,2024-01-29,269.66876220703125,8,SIGNAL,
PG,BUY,2024-01-29,148.32919311523438,16,SIGNAL,
DIS,BUY,2024-01-29,95.55741119384766,25,SIGNAL,
ADBE,BUY,2024-01-29,630.22998046875,3,SIGNAL,
DHR,SELL,2024-01-30,242.18375427246093,10,TAKE_PROFIT,179.39537353515607
TMO,SELL,2024-01-30,559.7339282226562,4,TAKE_PROFIT,165.84708984374993
CAT,SELL,2024-01-30,297.0065588378906,8,TAKE_PROFIT,176.00388671874998
BAC,SELL,2024-01-30,32.73358818054199,76,TAKE_PROFIT,184.27797790527347
AMD,SELL,2024-01-30,171.1583935546875,13,STOP_LOSS,-92.71079650878892
BAC,BUY,2024-01-30,33.1586799621582,72,SIGNAL,
AMD,BUY,2024-01-30,172.05999755859375,14,SIGNAL,
TMO,BUY,2024-01-30,563.588134765625,4,SIGNAL,
NKE,BUY,2024-01-30,100.07222747802734,24,SIGNAL,
TXN,BUY,2024-01-30,153.81048583984375,15,SIGNAL,
MA,SELL,2024-01-31,452.73143188476564,5,TAKE_PROFIT,167.67830810546866
JPM,SELL,2024-01-31,169.90715698242187,14,TAKE_PROFIT,176.20001464843745
GOOGL,SELL,2024-01-31,139.0994091796875,16,STOP_LOSS,-92.7329394531248
AMD,SELL,2024-01-31,165.17759765625,14,STOP_LOSS,-96.35359863281246
TMO,SELL,2024-01-31,541.044609375,4,STOP_LOSS,-90.1741015624998
GOOGL,BUY,2024-01-31,139.04937744140625,17,SIGNAL,
JPM,BUY,2024-01-31,167.0381622314453,14,SIGNAL,
MA,BUY,2024-01-31,444.1276550292969,5,SIGNAL,
AMD,BUY,2024-01-31,167.69000244140625,14,SIGNAL,
TMO,BUY,2024-01-31,535.6232299804688,4,SIGNAL,
WMT,SELL,2024-02-01,54.779319305419925,43,TAKE_PROFIT,174.48227630615247
AMGN,SELL,2024-02-01,301.93307006835937,8,TAKE_PROFIT,178.92330078124996
MRK,SELL,2024-02-01,116.28656433105469,21,TAKE_PROFIT,180.89021118164055
HON,SELL,2024-02-01,174.8053271484375,12,STOP_LOSS,-87.40266357421888
BAC,SELL,2024-02-01,31.832332763671875,72,STOP_LOSS,-95.49699829101564
MRK,BUY,2024-02-01,118.56478881835938,20,SIGNAL,
BAC,BUY,2024-02-01,31.97681427001953,75,SIGNAL,
WMT,BUY,2024-02-01,54.91320037841797,43,SIGNAL,
AMGN,BUY,2024-02-01,305.109375,7,SIGNAL,
DHR,BUY,2024-02-01,242.5535430908203,9,SIGNAL,
BRK-B,SELL,2024-02-02,389.88,6,TAKE_PROFIT,173.27999999999975
LLY,SELL,2024-02-02,657.883212890625,3,TAKE_PROFIT,146.19626953124998
AMZN,SELL,2024-02-02,167.59439208984375,15,TAKE_PROFIT,186.21599121093732
NVDA,SELL,2024-02-02,66.23406188964844,38,TAKE_PROFIT,186.4366186523439
INTC,SELL,2024-02-02,41.35020263671875,55,STOP_LOSS,-94.76088104248038
META,SELL,2024-02-02,430.0972119140625,6,TAKE_PROFIT,191.15431640625002
NKE,SELL,2024-02-02,96.06933837890625,24,STOP_LOSS,-96.0693383789062
NVDA,BUY,2024-02-02,66.12316131591797,36,SIGNAL,
AMZN,BUY,2024-02-02,171.80999755859375,14,SIGNAL,
META,BUY,2024-02-02,471.6950378417969,5,SIGNAL,
BRK-B,BUY,2024-02-02,390.75,6,SIGNAL,
LLY,BUY,2024-02-02,658.4097900390625,3,SIGNAL,
INTC,BUY,2024-02-02,42.03700256347656,57,SIGNAL,
CAT,BUY,2024-02-02,306.2016296386719,7,SIGNAL,
MCD,SELL,2024-02-05,271.04900390625,8,STOP_LOSS,-90.34966796875005
MCD,BUY,2024-02-05,272.84002685546875,8,SIGNAL,
ABBV,SELL,2024-02-06,162.0953173828125,15,TAKE_PROFIT,180.10590820312518
ADBE,SELL,2024-02-06,605.02078125,3,STOP_LOSS,-75.62759765624992
META,SELL,2024-02-06,452.827236328125,5,STOP_LOSS,-94.3390075683592
LLY,SELL,2024-02-06,711.0825732421876,3,TAKE_PROFIT,158.01834960937504
META,BUY,2024-02-06,451.565673828125,5,SIGNAL,
LLY,BUY,2024-02-06,695.2724609375,3,SIGNAL,
ABBV,BUY,2024-02-06,161.7724609375,14,SIGNAL,
ADBE,BUY,2024-02-06,607.1400146484375,3,SIGNAL,
NKE,BUY,2024-02-06,98.56413269042969,24,SIGNAL,
XLI,SELL,2024-02-07,113.5269497680664,21,TAKE_PROFIT,176.5974774169922
COST,SELL,2024-02-07,711.4904736328125,3,TAKE_PROFIT,158.10899414062487
VZ,SELL,2024-02-07,35.5428369140625,64,STOP_LOSS,-94.78089843750013
CMCSA,SELL,2024-02-07,37.911536865234375,60,STOP_LOSS,-94.77884216308576
AMGN,SELL,2024-02-07,292.905,7,STOP_LOSS,-85.43062499999996
COST,BUY,2024-02-07,712.9325561523438,3,SIGNAL,
CMCSA,BUY,2024-02-07,37.38882827758789,64,SIGNAL,
VZ,BUY,2024-02-07,35.436927795410156,68,SIGNAL,
AMGN,BUY,2024-02-07,278.1387634277344,8,SIGNAL,
HD,SELL,2024-02-08,347.91286376953127,7,TAKE_PROFIT,180.3992626953127
CRM,SELL,2024-02-08,289.57203369140626,8,TAKE_PROFIT,171.5982421875001
DIS,SELL,2024-02-08,103.20200408935547,25,TAKE_PROFIT,191.1148223876953
CMCSA,SELL,2024-02-08,35.89327514648438,64,STOP_LOSS,-95.71540039062484
HD,BUY,2024-02-08,346.3882751464844,7,SIGNAL,
CRM,BUY,2024-02-08,288.4453125,8,SIGNAL,
DIS,BUY,2024-02-08,108.34871673583984,22,SIGNAL,
CMCSA,BUY,2024-02-08,35.98434066772461,67,SIGNAL,
NVDA,SELL,2024-02-09,71.4130142211914,36,TAKE_PROFIT,190.43470458984348
NVDA,BUY,2024-02-09,72.09285736083984,33,SIGNAL,
XLK,SELL,2024-02-12,102.72006958007813,24,TAKE_PROFIT,182.61345703125016
XOM,BUY,2024-02-12,96.23487091064453,25,SIGNAL,
HON,BUY,2024-02-12,178.22366333007812,13,SIGNAL,
XLU,SELL,2024-02-13,27.911217041015625,75,STOP_LOSS,-87.22255325317383
TXN,SELL,2024-02-13,147.65806640625,15,STOP_LOSS,-92.28629150390634
CRM,SELL,2024-02-13,276.9075,8,STOP_LOSS,-92.30249999999978
CRM,BUY,2024-02-13,277.77490234375,8,SIGNAL,
XLK,BUY,2024-02-13,100.06610870361328,24,SIGNAL,
SPGI,SELL,2024-02-14,412.4951953125,5,STOP_LOSS,-85.93649902343759
LLY,SELL,2024-02-14,750.8942578125,3,TAKE_PROFIT,166.86539062500015
LLY,BUY,2024-02-14,748.1380004882812,3,SIGNAL,
TXN,BUY,2024-02-14,149.84298706054688,16,SIGNAL,
NFLX,SELL,2024-02-15,58.84595947265625,43,TAKE_PROFIT,187.4352783203126
NFLX,BUY,2024-02-15,59.34600067138672,41,SIGNAL,
ADBE,SELL,2024-02-16,582.8544140625,3,STOP_LOSS,-72.85680175781226
ADBE,BUY,2024-02-16,546.6599731445312,4,SIGNAL,
AMGN,SELL,2024-02-20,267.013212890625,8,STOP_LOSS,-89.00440429687478
NVDA,SELL,2024-02-20,69.20914306640626,33,STOP_LOSS,-95.16257171630832
NFLX,SELL,2024-02-20,56.97216064453125,41,STOP_LOSS,-97.32744110107433
NVDA,BUY,2024-02-20,69.413330078125,34,SIGNAL,
NFLX,BUY,2024-02-20,57.51300048828125,42,SIGNAL,
AMGN,BUY,2024-02-20,268.6029968261719,9,SIGNAL,
KO,SELL,2024-02-21,57.666316223144534,40,TAKE_PROFIT,170.8631591796875
NVDA,SELL,2024-02-21,66.636796875,34,STOP_LOSS,-94.4021289062498
NVDA,BUY,2024-02-21,67.43443298339844,36,SIGNAL,
KO,BUY,2024-02-21,57.722068786621094,42,SIGNAL,
AVGO,SELL,2024-02-22,127.24775848388671,20,TAKE_PROFIT,188.51519775390625
AMD,SELL,2024-02-22,181.10520263671876,14,TAKE_PROFIT,187.81280273437505
NVDA,SELL,2024-02-22,72.82918762207031,36,TAKE_PROFIT,194.21116699218737
NVDA,BUY,2024-02-22,78.49427795410156,31,SIGNAL,
AVGO,BUY,2024-02-22,127.60269165039062,19,SIGNAL,
AMD,BUY,2024-02-22,181.86000061035156,13,SIGNAL,
XLP,SELL,2024-02-23,70.68454650878907,33,TAKE_PROFIT,172.78444702148454
XLB,SELL,2024-02-23,41.83920181274414,56,TAKE_PROFIT,173.55520751953145
XLF,SELL,2024-02-23,39.26340774536133,63,TAKE_PROFIT,183.2292361450195
META,SELL,2024-02-23,487.690927734375,5,TAKE_PROFIT,180.62626953124982
DIS,SELL,2024-02-23,104.01476806640625,22,STOP_LOSS,-95.34687072753923
AMD,SELL,2024-02-23,174.5856005859375,13,STOP_LOSS,-94.56720031738269
META,BUY,2024-02-23,481.1823425292969,5,SIGNAL,
AMD,BUY,2024-02-23,176.52000427246094,13,SIGNAL,
DIS,BUY,2024-02-23,105.60421752929688,23,SIGNAL,
SPGI,BUY,2024-02-23,431.6918029785156,5,SIGNAL,
XLE,BUY,2024-02-23,40.25572967529297,61,SIGNAL,
XLF,BUY,2024-02-23,39.13212203979492,63,SIGNAL,
BRK-B,SELL,2024-02-26,422.01,6,TAKE_PROFIT,187.55999999999995
CRM,SELL,2024-02-26,299.99689453125,8,TAKE_PROFIT,177.77593750000005
BRK-B,BUY,2024-02-26,409.1400146484375,6,SIGNAL,
CRM,BUY,2024-02-26,296.78399658203125,8,SIGNAL,
AMD,SELL,2024-02-29,190.6416046142578,13,TAKE_PROFIT,183.58080444335928
AMD,BUY,2024-02-29,192.52999877929688,12,SIGNAL,
AAPL,SELL,2024-03-01,176.5470703125,12,STOP_LOSS,-88.27353515624964
COP,SELL,2024-03-01,109.23190795898438,22,TAKE_PROFIT,178.00755371093783
TXN,SELL,2024-03-01,161.83042602539064,16,TAKE_PROFIT,191.79902343750018
AAPL,BUY,2024-03-01,178.206298828125,13,SIGNAL,
TXN,BUY,2024-03-01,162.35287475585938,15,SIGNAL,
COP,BUY,2024-03-01,108.17825317382812,23,SIGNAL,
GOOGL,SELL,2024-03-04,133.48740234375,17,STOP_LOSS,-94.55357666015607
TMO,SELL,2024-03-04,578.4730883789063,4,TAKE_PROFIT,171.39943359375002
INTC,SELL,2024-03-04,45.39996276855469,57,TAKE_PROFIT,191.6887316894531
NFLX,SELL,2024-03-04,62.11404052734375,42,TAKE_PROFIT,193.2436816406248
NVDA,SELL,2024-03-04,84.77382019042969,31,TAKE_PROFIT,194.6658093261717
AVGO,SELL,2024-03-04,137.81090698242187,19,TAKE_PROFIT,193.95609130859384
AMD,SELL,2024-03-04,207.93239868164062,12,TAKE_PROFIT,184.82879882812495
NVDA,BUY,2024-03-04,85.18952941894531,29,SIGNAL,
GOOGL,BUY,2024-03-04,132.3500213623047,18,SIGNAL,
AVGO,BUY,2024-03-04,137.1232452392578,18,SIGNAL,
AMD,BUY,2024-03-04,205.36000061035156,12,SIGNAL,
NFLX,BUY,2024-03-04,61.58300018310547,40,SIGNAL,
TMO,BUY,2024-03-04,578.0176391601562,4,SIGNAL,
INTC,BUY,2024-03-04,45.1391487121582,55,SIGNAL,
UNH,SELL,2024-03-05,455.153291015625,5,STOP_LOSS,-94.82360229492224
JPM,SELL,2024-03-05,180.40121520996092,14,TAKE_PROFIT,187.0827416992188
NKE,SELL,2024-03-05,94.6215673828125,24,STOP_LOSS,-94.62156738281237
AAPL,SELL,2024-03-05,171.078046875,13,STOP_LOSS,-92.66727539062504
AVGO,SELL,2024-03-05,131.6383154296875,18,STOP_LOSS,-98.72873657226546
INTC,SELL,2024-03-05,43.33358276367188,55,STOP_LOSS,-99.30612716674796
AVGO,BUY,2024-03-05,131.30393981933594,18,SIGNAL,
JPM,BUY,2024-03-05,180.6322784423828,13,SIGNAL,
INTC,BUY,2024-03-05,42.71444320678711,57,SIGNAL,
XLY,BUY,2024-03-05,88.61519622802734,27,SIGNAL,
XLP,BUY,2024-03-05,70.72615051269531,34,SIGNAL,
XLU,BUY,2024-03-05,29.484708786010742,83,SIGNAL,
WMT,SELL,2024-03-06,59.306256408691404,43,TAKE_PROFIT,188.90140930175767
WMT,BUY,2024-03-06,59.285118103027344,41,SIGNAL,
CAT,SELL,2024-03-07,330.6977600097656,7,TAKE_PROFIT,171.47291259765598
COST,SELL,2024-03-07,769.9671606445313,3,TAKE_PROFIT,171.10381347656266
AMGN,SELL,2024-03-07,257.858876953125,9,STOP_LOSS,-96.69707885742173
NVDA,SELL,2024-03-07,92.00469177246094,29,TAKE_PROFIT,197.63970825195338
NVDA,BUY,2024-03-07,92.62173461914062,26,SIGNAL,
COST,BUY,2024-03-07,778.116455078125,3,SIGNAL,
AMGN,BUY,2024-03-07,258.5129089355469,9,SIGNAL,
CAT,BUY,2024-03-07,330.62274169921875,7,SIGNAL,
BAC,SELL,2024-03-08,34.534959411621095,75,TAKE_PROFIT,191.8608856201172
META,SELL,2024-03-08,519.6769299316406,5,TAKE_PROFIT,192.47293701171884
AMD,SELL,2024-03-08,221.78880065917969,12,TAKE_PROFIT,197.14560058593725
INTC,SELL,2024-03-08,46.13159866333008,57,TAKE_PROFIT,194.7778610229493
NVDA,SELL,2024-03-08,88.916865234375,26,STOP_LOSS,-96.32660400390614
COST,SELL,2024-03-08,746.991796875,3,STOP_LOSS,-93.37397460937518
NVDA,BUY,2024-03-08,87.48336791992188,28,SIGNAL,
META,BUY,2024-03-08,502.973388671875,4,SIGNAL,
COST,BUY,2024-03-08,718.657470703125,3,SIGNAL,
BAC,BUY,2024-03-08,34.169708251953125,72,SIGNAL,
AMD,BUY,2024-03-08,207.38999938964844,11,SIGNAL,
INTC,BUY,2024-03-08,43.54576873779297,57,SIGNAL,
XLI,BUY,2024-03-08,118.8726806640625,20,SIGNAL,
AVGO,SELL,2024-03-11,126.0517822265625,18,STOP_LOSS,-94.53883666992215
META,SELL,2024-03-11,482.854453125,4,STOP_LOSS,-80.47574218749992
AMD,SELL,2024-03-11,199.0943994140625,11,STOP_LOSS,-91.25159973144537
META,BUY,2024-03-11,480.7449645996094,5,SIGNAL,
AVGO,BUY,2024-03-11,126.45075225830078,19,SIGNAL,
MRK,SELL,2024-03-13,113.822197265625,20,STOP_LOSS,-94.85183105468786
UNH,BUY,2024-03-13,470.77764892578125,5,SIGNAL,
MSFT,SELL,2024-03-14,421.9397314453125,6,TAKE_PROFIT,187.52876953124996
XOM,SELL,2024-03-14,103.93366058349609,25,TAKE_PROFIT,192.46974182128906
MSFT,BUY,2024-03-14,419.74798583984375,5,SIGNAL,
XOM,BUY,2024-03-14,104.9432601928711,23,SIGNAL,
MRK,BUY,2024-03-14,113.77494812011719,22,SIGNAL,
ADBE,SELL,2024-03-15,524.79357421875,4,STOP_LOSS,-87.46559570312502
SPGI,SELL,2024-03-15,414.424130859375,5,STOP_LOSS,-86.3383605957033
AVGO,SELL,2024-03-15,121.39272216796876,19,STOP_LOSS,-96.10257171630838
AVGO,BUY,2024-03-15,120.81625366210938,20,SIGNAL,
AMD,BUY,2024-03-15,191.05999755859375,13,SIGNAL,
GOOGL,SELL,2024-03-18,142.93802307128905,18,TAKE_PROFIT,190.58403076171862
GOOGL,BUY,2024-03-18,146.57252502441406,17,SIGNAL,
XLE,SELL,2024-03-19,43.476188049316406,61,TAKE_PROFIT,196.44796081542972
INTC,SELL,2024-03-19,41.80393798828125,57,STOP_LOSS,-99.28435272216802
AMD,SELL,2024-03-19,183.41759765625,13,STOP_LOSS,-99.3511987304687
AMD,BUY,2024-03-19,181.4199981689453,13,SIGNAL,
INTC,BUY,2024-03-19,41.61589813232422,60,SIGNAL,
XLE,BUY,2024-03-19,43.51746368408203,57,SIGNAL,
MA,SELL,2024-03-20,479.6578674316406,5,TAKE_PROFIT,177.65106201171875
DIS,SELL,2024-03-20,114.05255493164063,23,TAKE_PROFIT,194.3117602539064
AMD,SELL,2024-03-20,174.1631982421875,13,STOP_LOSS,-94.33839904785145
AAPL,BUY,2024-03-20,177.2242889404297,14,SIGNAL,
MA,BUY,2024-03-20,482.4968566894531,5,SIGNAL,
AMD,BUY,2024-03-20,179.72999572753906,14,SIGNAL,
ACN,SELL,2024-03-21,340.2151171875,6,STOP_LOSS,-85.05377929687484
HD,SELL,2024-03-21,374.0993371582031,7,TAKE_PROFIT,193.97743408203132
COP,SELL,2024-03-21,116.83251342773437,23,TAKE_PROFIT,199.04798583984348
AVGO,SELL,2024-03-21,130.4815539550781,20,TAKE_PROFIT,193.30600585937464
AAPL,SELL,2024-03-21,170.1353173828125,14,STOP_LOSS,-99.24560180664048
AVGO,BUY,2024-03-21,132.3787078857422,19,SIGNAL,
HD,BUY,2024-03-21,378.6192321777344,6,SIGNAL,
DIS,BUY,2024-03-21,114.3865966796875,22,SIGNAL,
ACN,BUY,2024-03-21,336.0138854980469,7,SIGNAL,
COP,BUY,2024-03-21,116.95636749267578,21,SIGNAL,
NVDA,SELL,2024-03-22,94.48203735351562,28,TAKE_PROFIT,195.9627441406251
NVDA,BUY,2024-03-22,94.24091339111328,26,SIGNAL,
AMD,SELL,2024-03-25,172.5407958984375,14,STOP_LOSS,-100.64879760742178
ACN,SELL,2024-03-25,322.573330078125,7,STOP_LOSS,-94.08388793945278
ACN,BUY,2024-03-25,325.09686279296875,7,SIGNAL,
XLB,BUY,2024-03-25,44.16669845581055,57,SIGNAL,
MRK,SELL,2024-03-27,122.87694396972657,22,TAKE_PROFIT,200.24390869140643
NVDA,SELL,2024-03-27,90.47127685546874,26,STOP_LOSS,-98.0105499267579
NVDA,BUY,2024-03-27,90.20399475097656,28,SIGNAL,
MRK,BUY,2024-03-27,124.38675689697266,20,SIGNAL,
CVX,SELL,2024-04-01,147.01341796875,17,TAKE_PROFIT,185.12800781250007
CAT,SELL,2024-04-01,357.07256103515624,7,TAKE_PROFIT,185.1487353515622
HD,SELL,2024-04-01,363.474462890625,6,STOP_LOSS,-90.86861572265661
HD,BUY,2024-04-01,352.58917236328125,7,SIGNAL,
CVX,BUY,2024-04-01,147.34349060058594,17,SIGNAL,
PFE,BUY,2024-04-01,24.319740295410156,104,SIGNAL,
UNH,SELL,2024-04-02,451.94654296875,5,STOP_LOSS,-94.15552978515643
SPGI,BUY,2024-04-02,420.587646484375,6,SIGNAL,
INTC,SELL,2024-04-03,39.95126220703125,60,STOP_LOSS,-99.8781555175783
CAT,BUY,2024-04-03,365.1893615722656,6,SIGNAL,
MCD,SELL,2024-04-04,261.92642578125,8,STOP_LOSS,-87.3088085937502
META,SELL,2024-04-04,519.2045617675781,5,TAKE_PROFIT,192.29798583984348
NVDA,SELL,2024-04-04,86.5958349609375,28,STOP_LOSS,-101.02847412109395
NVDA,BUY,2024-04-04,85.8611831665039,28,SIGNAL,
META,BUY,2024-04-04,507.9141540527344,4,SIGNAL,
MCD,BUY,2024-04-04,259.15521240234375,9,SIGNAL,
AMZN,SELL,2024-04-05,185.55479736328124,14,TAKE_PROFIT,192.42719726562473
XOM,SELL,2024-04-05,113.33872100830078,23,TAKE_PROFIT,193.09559875488276
COP,SELL,2024-04-05,126.31287689208985,21,TAKE_PROFIT,196.48669738769559
PFE,SELL,2024-04-05,23.34695068359375,104,STOP_LOSS,-101.17011962890638
AMZN,BUY,2024-04-05,185.07000732421875,13,SIGNAL,
XOM,BUY,2024-04-05,114.26360321044922,21,SIGNAL,
COP,BUY,2024-04-05,126.43524169921875,19,SIGNAL,
MRK,SELL,2024-04-08,119.41128662109375,20,STOP_LOSS,-99.50940551757822
MRK,BUY,2024-04-08,119.48680114746094,21,SIGNAL,
MA,SELL,2024-04-09,463.196982421875,5,STOP_LOSS,-96.49937133789035
MA,BUY,2024-04-09,467.4437255859375,5,SIGNAL,
XLRE,BUY,2024-04-09,36.856361389160156,68,SIGNAL,
HD,SELL,2024-04-10,338.48560546875,7,STOP_LOSS,-98.72496826171846
XLRE,SELL,2024-04-10,35.38210693359375,68,STOP_LOSS,-100.24930297851597
HD,BUY,2024-04-10,335.85211181640625,7,SIGNAL,
GOOGL,SELL,2024-04-11,158.2983270263672,17,TAKE_PROFIT,199.3386340332031
AAPL,BUY,2024-04-11,173.6236572265625,14,SIGNAL,
GOOGL,BUY,2024-04-11,158.21458435058594,15,SIGNAL,
ABBV,SELL,2024-04-12,155.3015625,14,STOP_LOSS,-90.59257812500027
CMCSA,SELL,2024-04-12,34.544967041015624,67,STOP_LOSS,-96.43803298950206
KO,SELL,2024-04-12,55.41318603515625,42,STOP_LOSS,-96.97307556152327
ACN,SELL,2024-04-12,312.09298828125,7,STOP_LOSS,-91.02712158203121
ABBV,BUY,2024-04-12,152.90904235839844,16,SIGNAL,
KO,BUY,2024-04-12,55.371490478515625,44,SIGNAL,
ACN,BUY,2024-04-12,308.34747314453125,7,SIGNAL,
CRM,SELL,2024-04-15,284.91263671875,8,STOP_LOSS,-94.97087890625016
TMO,SELL,2024-04-15,554.89693359375,4,STOP_LOSS,-92.48282226562515
SPGI,SELL,2024-04-15,403.764140625,6,STOP_LOSS,-100.94103515625011
CRM,BUY,2024-04-15,269.9761657714844,9,SIGNAL,
TMO,BUY,2024-04-15,554.7603149414062,4,SIGNAL,
JNJ,SELL,2024-04-16,139.4260546875,15,STOP_LOSS,-87.14128417968732
UNP,SELL,2024-04-16,222.7809228515625,9,STOP_LOSS,-83.54284606933584
JPM,SELL,2024-04-16,173.4069873046875,13,STOP_LOSS,-93.92878479003912
XLY,SELL,2024-04-16,85.07058837890625,27,STOP_LOSS,-95.70441192626959
BAC,SELL,2024-04-16,32.802919921875,72,STOP_LOSS,-98.40875976562484
CAT,SELL,2024-04-16,350.581787109375,6,STOP_LOSS,-87.64544677734375
HD,SELL,2024-04-16,322.41802734375,7,STOP_LOSS,-94.03859130859382
JPM,BUY,2024-04-16,174.2180633544922,13,SIGNAL,
HD,BUY,2024-04-16,320.7820739746094,7,SIGNAL,
BAC,BUY,2024-04-16,33.286678314208984,73,SIGNAL,
UNP,BUY,2024-04-16,222.11915588378906,10,SIGNAL,
CAT,BUY,2024-04-16,349.7281494140625,6,SIGNAL,
AVGO,SELL,2024-04-17,127.0835595703125,19,STOP_LOSS,-100.60781799316419
META,SELL,2024-04-17,487.597587890625,4,STOP_LOSS,-81.26626464843753
COP,SELL,2024-04-17,121.37783203125,19,STOP_LOSS,-96.09078369140616
AAPL,SELL,2024-04-17,166.6787109375,14,STOP_LOSS,-97.229248046875
META,BUY,2024-04-17,491.2627258300781,4,SIGNAL,
AVGO,BUY,2024-04-17,125.95912170410156,19,SIGNAL,
COP,BUY,2024-04-17,121.52061462402344,20,SIGNAL,
INTU,SELL,2024-04-18,602.5753125,3,STOP_LOSS,-75.32191406250013
DHR,SELL,2024-04-18,232.8514013671875,9,STOP_LOSS,-87.31927551269519
TXN,SELL,2024-04-18,155.858759765625,15,STOP_LOSS,-97.4117248535158
MSFT,SELL,2024-04-18,402.95806640625,5,STOP_LOSS,-83.9495971679687
NVDA,SELL,2024-04-18,82.42673583984374,28,STOP_LOSS,-96.16452514648472
TMO,SELL,2024-04-18,532.56990234375,4,STOP_LOSS,-88.76165039062516
MSFT,BUY,2024-04-18,399.0675048828125,6,SIGNAL,
NVDA,BUY,2024-04-18,84.62782287597656,28,SIGNAL,
TMO,BUY,2024-04-18,538.50146484375,4,SIGNAL,
INTU,BUY,2024-04-18,601.4326782226562,4,SIGNAL,
TXN,BUY,2024-04-18,155.34811401367188,15,SIGNAL,
DHR,BUY,2024-04-18,234.13018798828125,10,SIGNAL,
XLK,SELL,2024-04-19,96.06346435546875,24,STOP_LOSS,-96.06346435546857
LLY,SELL,2024-04-19,718.21248046875,3,STOP_LOSS,-89.77656005859399
NFLX,SELL,2024-04-19,59.11968017578125,40,STOP_LOSS,-98.53280029296866
AMGN,SELL,2024-04-19,248.172392578125,9,STOP_LOSS,-93.06464721679686
DIS,SELL,2024-04-19,109.8111328125,22,STOP_LOSS,-100.66020507812482
AMZN,SELL,2024-04-19,177.66720703125,13,STOP_LOSS,-96.23640380859388
MA,SELL,2024-04-19,448.7459765625,5,STOP_LOSS,-93.48874511718759
GOOGL,SELL,2024-04-19,151.8860009765625,15,STOP_LOSS,-94.92875061035147
AVGO,SELL,2024-04-19,120.9207568359375,19,STOP_LOSS,-95.72893249511708
NVDA,SELL,2024-04-19,81.2427099609375,28,STOP_LOSS,-94.78316162109377
NVDA,BUY,2024-04-19,76.16114807128906,31,SIGNAL,
AMZN,BUY,2024-04-19,174.6300048828125,13,SIGNAL,
GOOGL,BUY,2024-04-19,152.93446350097656,15,SIGNAL,
LLY,BUY,2024-04-19,717.5133056640625,3,SIGNAL,
AVGO,BUY,2024-04-19,118.30707550048828,20,SIGNAL,
MA,BUY,2024-04-19,450.8412780761719,5,SIGNAL,
NFLX,BUY,2024-04-19,55.50400161743164,43,SIGNAL,
DIS,BUY,2024-04-19,110.37767791748047,21,SIGNAL,
AMGN,BUY,2024-04-19,254.7895965576172,9,SIGNAL,
XLK,BUY,2024-04-19,95.17430114746094,25,SIGNAL,
BAC,SELL,2024-04-22,35.949612579345704,73,TAKE_PROFIT,194.3942013549804
META,SELL,2024-04-22,471.612216796875,4,STOP_LOSS,-78.6020361328126
META,BUY,2024-04-22,478.8959045410156,5,SIGNAL,
BAC,BUY,2024-04-22,36.21413040161133,67,SIGNAL,
PM,SELL,2024-04-23,89.87673614501954,26,TAKE_PROFIT,173.0959362792969
DHR,SELL,2024-04-23,252.86060302734376,10,TAKE_PROFIT,187.30415039062518
NVDA,SELL,2024-04-23,82.25403991699218,31,TAKE_PROFIT,188.8796472167969
NVDA,BUY,2024-04-23,82.38097381591797,30,SIGNAL,
DHR,BUY,2024-04-23,250.72213745117188,9,SIGNAL,
PM,BUY,2024-04-23,91.07121276855469,27,SIGNAL,
XLB,SELL,2024-04-24,42.400030517578124,57,STOP_LOSS,-100.70007247924832
TMO,SELL,2024-04-24,581.58158203125,4,TAKE_PROFIT,172.32046875000015
TXN,SELL,2024-04-24,167.77596313476562,15,TAKE_PROFIT,186.41773681640598
TMO,BUY,2024-04-24,574.1715087890625,4,SIGNAL,
TXN,BUY,2024-04-24,165.9216766357422,14,SIGNAL,
PEP,SELL,2024-04-25,168.63390197753907,14,TAKE_PROFIT,174.87960205078116
XLU,SELL,2024-04-25,31.843485488891602,83,TAKE_PROFIT,195.77846633911122
CAT,SELL,2024-04-25,335.7390234375,6,STOP_LOSS,-83.93475585937495
MSFT,SELL,2024-04-25,383.1048046875,6,STOP_LOSS,-95.77620117187507
AMZN,SELL,2024-04-25,167.6448046875,13,STOP_LOSS,-90.80760253906237
AVGO,SELL,2024-04-25,127.77164154052734,20,TAKE_PROFIT,189.29132080078125
META,SELL,2024-04-25,459.740068359375,5,STOP_LOSS,-95.77918090820322
NVDA,SELL,2024-04-25,79.08573486328125,30,STOP_LOSS,-98.85716857910165
MSFT,BUY,2024-04-25,393.9048767089844,6,SIGNAL,
NVDA,BUY,2024-04-25,82.5898666381836,29,SIGNAL,
AMZN,BUY,2024-04-25,173.6699981689453,14,SIGNAL,
META,BUY,2024-04-25,438.7832946777344,5,SIGNAL,
AVGO,BUY,2024-04-25,127.116943359375,19,SIGNAL,
PEP,BUY,2024-04-25,165.87554931640625,14,SIGNAL,
CAT,BUY,2024-04-25,329.66265869140625,7,SIGNAL,
XLU,BUY,2024-04-25,31.790002822875977,77,SIGNAL,
XOM,SELL,2024-04-26,109.69305908203125,21,STOP_LOSS,-95.98142669677736
GOOGL,SELL,2024-04-26,165.16922058105467,15,TAKE_PROFIT,183.52135620117178
GOOGL,BUY,2024-04-26,170.66055297851562,14,SIGNAL,
XOM,BUY,2024-04-26,111.05325317382812,22,SIGNAL,
ACN,SELL,2024-04-29,296.01357421875,7,STOP_LOSS,-86.33729248046848
ACN,BUY,2024-04-29,296.3811950683594,8,SIGNAL,
XLY,BUY,2024-04-29,88.68505859375,27,SIGNAL,
XLB,BUY,2024-04-29,43.62065505981445,56,SIGNAL,
LLY,SELL,2024-04-30,774.9143701171874,3,TAKE_PROFIT,172.20319335937484
GOOGL,SELL,2024-04-30,163.834130859375,14,STOP_LOSS,-95.56990966796866
GOOGL,BUY,2024-04-30,161.55931091308594,15,SIGNAL,
LLY,BUY,2024-04-30,771.6397094726562,3,SIGNAL,
AVGO,SELL,2024-05-01,122.032265625,19,STOP_LOSS,-96.60887695312522
AVGO,BUY,2024-05-01,122.05355834960938,19,SIGNAL,
JNJ,BUY,2024-05-01,143.26776123046875,17,SIGNAL,
CSCO,SELL,2024-05-02,44.52701293945312,48,STOP_LOSS,-89.05402587890649
COP,SELL,2024-05-02,116.6597900390625,20,STOP_LOSS,-97.21649169921875
DHR,SELL,2024-05-02,240.693251953125,9,STOP_LOSS,-90.25996948242164
DHR,BUY,2024-05-02,244.51129150390625,10,SIGNAL,
SPGI,BUY,2024-05-02,411.55621337890625,5,SIGNAL,
COP,BUY,2024-05-02,115.76322174072266,21,SIGNAL,
MA,SELL,2024-05-03,432.807626953125,5,STOP_LOSS,-90.16825561523456
AMGN,SELL,2024-05-03,275.1727642822266,9,TAKE_PROFIT,183.44850952148454
NVDA,SELL,2024-05-03,89.19705596923828,29,TAKE_PROFIT,191.6084906005858
AMZN,SELL,2024-05-03,187.56359802246095,14,TAKE_PROFIT,194.5103979492187
LLY,SELL,2024-05-03,740.77412109375,3,STOP_LOSS,-92.59676513671911
NVDA,BUY,2024-05-03,88.74372100830078,27,SIGNAL,
AMZN,BUY,2024-05-03,186.2100067138672,13,SIGNAL,
LLY,BUY,2024-05-03,726.0684814453125,3,SIGNAL,
MA,BUY,2024-05-03,439.14923095703125,5,SIGNAL,
AMGN,BUY,2024-05-03,294.92230224609375,8,SIGNAL,
AMGN,SELL,2024-05-06,283.12541015625,8,STOP_LOSS,-94.37513671875013
UNH,BUY,2024-05-06,476.9324951171875,5,SIGNAL,
AMGN,BUY,2024-05-06,283.7332763671875,8,SIGNAL,
NFLX,SELL,2024-05-07,59.94432174682617,43,TAKE_PROFIT,190.9337655639647
DIS,SELL,2024-05-07,105.96257080078125,21,STOP_LOSS,-92.71724945068354
NFLX,BUY,2024-05-07,60.599998474121094,41,SIGNAL,
DIS,BUY,2024-05-07,103.3008041381836,24,SIGNAL,
KO,SELL,2024-05-08,59.801209716796876,44,TAKE_PROFIT,194.90764648437516
JPM,SELL,2024-05-08,188.15550842285157,13,TAKE_PROFIT,181.18678588867215
JPM,BUY,2024-05-08,188.52743530273438,13,SIGNAL,
KO,BUY,2024-05-08,59.71343231201172,41,SIGNAL,
CSCO,BUY,2024-05-08,45.79885482788086,54,SIGNAL,
COST,SELL,2024-05-10,776.150068359375,3,TAKE_PROFIT,172.47779296875024
META,SELL,2024-05-10,473.8859582519531,5,TAKE_PROFIT,175.51331787109393
AVGO,SELL,2024-05-10,131.81784301757813,19,TAKE_PROFIT,185.52140869140612
AAPL,BUY,2024-05-10,181.81512451171875,13,SIGNAL,
META,BUY,2024-05-10,473.3984069824219,5,SIGNAL,
AVGO,BUY,2024-05-10,130.885986328125,19,SIGNAL,
PG,SELL,2024-05-13,160.19552856445313,16,TAKE_PROFIT,189.86136718750004
TXN,SELL,2024-05-13,179.19541076660155,14,TAKE_PROFIT,185.8322778320312
PG,BUY,2024-05-13,158.56959533691406,15,SIGNAL,
COST,BUY,2024-05-13,769.0081176757812,3,SIGNAL,
XLK,SELL,2024-05-14,102.78824523925782,25,TAKE_PROFIT,190.34860229492188
TXN,BUY,2024-05-14,182.71939086914062,13,SIGNAL,
XLU,SELL,2024-05-15,34.33320304870605,77,TAKE_PROFIT,195.82641738891607
PFE,BUY,2024-05-15,25.666126251220703,99,SIGNAL,
INTU,SELL,2024-05-16,649.5472924804687,4,TAKE_PROFIT,192.45845703124996
AVGO,SELL,2024-05-16,141.356865234375,19,TAKE_PROFIT,198.94669921874993
TSLA,BUY,2024-05-16,174.83999633789062,14,SIGNAL,
AVGO,BUY,2024-05-16,138.67652893066406,18,SIGNAL,
INTU,BUY,2024-05-16,645.9088745117188,3,SIGNAL,
GOOGL,SELL,2024-05-17,174.4840557861328,15,TAKE_PROFIT,193.87117309570294
GOOGL,BUY,2024-05-17,174.73971557617188,14,SIGNAL,
DHR,SELL,2024-05-20,264.07219482421874,10,TAKE_PROFIT,195.6090332031249
DHR,BUY,2024-05-20,264.5900573730469,9,SIGNAL,
WMT,SELL,2024-05-21,64.02792755126953,41,TAKE_PROFIT,194.45518737792963
MSFT,SELL,2024-05-21,425.4172668457031,6,TAKE_PROFIT,189.0743408203125
LLY,SELL,2024-05-21,784.1539599609375,3,TAKE_PROFIT,174.25643554687485
MSFT,BUY,2024-05-21,424.28271484375,6,SIGNAL,
LLY,BUY,2024-05-21,794.794921875,3,SIGNAL,
WMT,BUY,2024-05-21,64.20661926269531,39,SIGNAL,
NVDA,SELL,2024-05-22,95.84321868896484,27,TAKE_PROFIT,191.68643737792945
NVDA,BUY,2024-05-22,94.90157318115234,26,SIGNAL,
MCD,SELL,2024-05-23,248.78900390625,9,STOP_LOSS,-93.29587646484379
DIS,SELL,2024-05-23,99.16877197265624,24,STOP_LOSS,-99.16877197265649
NVDA,SELL,2024-05-23,102.49369903564452,26,TAKE_PROFIT,197.3952722167969
NVDA,BUY,2024-05-23,103.74608612060547,24,SIGNAL,
DIS,BUY,2024-05-23,98.6645736694336,25,SIGNAL,
XLK,BUY,2024-05-23,105.48612976074219,23,SIGNAL,
INTU,SELL,2024-05-24,620.07251953125,3,STOP_LOSS,-77.50906494140622
INTU,BUY,2024-05-24,600.05859375,4,SIGNAL,
ABBV,SELL,2024-05-28,146.7926806640625,16,STOP_LOSS,-97.8617871093752
CSCO,SELL,2024-05-28,43.96690063476562,54,STOP_LOSS,-98.92552642822284
NVDA,SELL,2024-05-28,112.04577301025391,24,TAKE_PROFIT,199.19248535156248
NVDA,BUY,2024-05-28,113.8429183959961,22,SIGNAL,
ABBV,BUY,2024-05-28,146.36978149414062,17,SIGNAL,
XLU,BUY,2024-05-28,33.93245315551758,74,SIGNAL,
ACN,SELL,2024-05-29,284.525947265625,8,STOP_LOSS,-94.84198242187495
JNJ,SELL,2024-05-29,137.53705078125,17,STOP_LOSS,-97.42207763671877
COP,SELL,2024-05-29,111.13269287109375,21,STOP_LOSS,-97.24110626220681
UNH,SELL,2024-05-29,457.8551953125,5,STOP_LOSS,-95.38649902343786
NFLX,SELL,2024-05-29,65.44799835205077,41,TAKE_PROFIT,198.76799499511708
DHR,SELL,2024-05-29,254.006455078125,9,STOP_LOSS,-95.25242065429711
UNH,BUY,2024-05-29,467.6134033203125,5,SIGNAL,
NFLX,BUY,2024-05-29,65.46199798583984,38,SIGNAL,
DHR,BUY,2024-05-29,253.51551818847656,9,SIGNAL,
COP,BUY,2024-05-29,109.82893371582031,22,SIGNAL,
CRM,SELL,2024-05-30,259.177119140625,9,STOP_LOSS,-97.1914196777343
TMO,SELL,2024-05-30,551.2046484375,4,STOP_LOSS,-91.86744140624978
AMZN,SELL,2024-05-30,178.7616064453125,13,STOP_LOSS,-96.82920349121105
AVGO,SELL,2024-05-30,133.1294677734375,18,STOP_LOSS,-99.84710083007803
INTU,SELL,2024-05-30,576.05625,4,STOP_LOSS,-96.00937500000009
AMZN,BUY,2024-05-30,179.32000732421875,13,SIGNAL,
AVGO,BUY,2024-05-30,133.95782470703125,18,SIGNAL,
TMO,BUY,2024-05-30,559.6231079101562,4,SIGNAL,
INTU,BUY,2024-05-30,556.5411987304688,4,SIGNAL,
PEP,SELL,2024-05-31,159.24052734375,14,STOP_LOSS,-92.89030761718777
META,SELL,2024-05-31,454.462470703125,5,STOP_LOSS,-94.67968139648428
MSFT,SELL,2024-05-31,407.31140625,6,STOP_LOSS,-101.82785156249975
NVDA,SELL,2024-05-31,109.28920166015625,22,STOP_LOSS,-100.18176818847633
NFLX,SELL,2024-05-31,62.84351806640625,38,STOP_LOSS,-99.50223693847647
AVGO,SELL,2024-05-31,128.59951171875,18,STOP_LOSS,-96.44963378906277
MSFT,BUY,2024-05-31,410.5269470214844,6,SIGNAL,
NVDA,BUY,2024-05-31,109.57709503173828,23,SIGNAL,
META,BUY,2024-05-31,464.0835266113281,5,SIGNAL,
AVGO,BUY,2024-05-31,130.46864318847656,19,SIGNAL,
CRM,BUY,2024-05-31,231.92825317382812,10,SIGNAL,
NFLX,BUY,2024-05-31,64.16200256347656,39,SIGNAL,
PEP,BUY,2024-05-31,162.3267059326172,15,SIGNAL,
XLRE,BUY,2024-05-31,35.77511215209961,70,SIGNAL,
